x,y
1.5,312.5
2.5,312.5
2.5,311.5
3.5,311.5
4.5,311.5
5.5,311.5
6.5,311.5
6.5,310.5
7.5,310.5
7.5,310.5
7.5,311.5
8.5,311.5
9.5,311.5
10.5,311.5
11.5,311.5
11.5,310.5
12.5,310.5
13.5,310.5
14.5,310.5
15.5,310.5
16.5,310.5
8.5,541.5
9.5,541.5
10.5,541.5
8.5,557.5
8.5,556.5
9.5,556.5
10.5,556.5
10.5,555.5
11.5,555.5
11.5,554.5
10.5,541.5
11.5,541.5
12.5,541.5
11.5,554.5
12.5,554.5
12.5,555.5
13.5,555.5
14.5,555.5
14.5,554.5
15.5,554.5
15.5,553.5
16.5,553.5
16.5,552.5
17.5,552.5
17.5,551.5
17.5,550.5
12.5,541.5
12.5,540.5
13.5,540.5
13.5,539.5
14.5,539.5
14.5,539.5
15.5,539.5
16.5,539.5
16.5,310.5
17.5,310.5
18.5,310.5
19.5,310.5
16.5,539.5
16.5,538.5
17.5,538.5
17.5,537.5
18.5,537.5
18.5,536.5
19.5,536.5
20.5,536.5
20.5,535.5
21.5,535.5
17.5,550.5
18.5,550.5
19.5,550.5
20.5,550.5
21.5,550.5
19.5,310.5
20.5,310.5
20.5,309.5
21.5,309.5
22.5,309.5
23.5,309.5
24.5,309.5
25.5,309.5
26.5,309.5
27.5,309.5
28.5,309.5
29.5,309.5
30.5,309.5
21.5,535.5
22.5,535.5
23.5,535.5
23.5,534.5
24.5,534.5
24.5,533.5
25.5,533.5
26.5,533.5
26.5,532.5
27.5,532.5
27.5,531.5
28.5,531.5
21.5,550.5
21.5,549.5
22.5,549.5
22.5,549.5
23.5,549.5
24.5,549.5
24.5,548.5
25.5,548.5
25.5,547.5
26.5,547.5
27.5,547.5
27.5,547.5
28.5,547.5
28.5,546.5
29.5,546.5
29.5,545.5
30.5,545.5
30.5,544.5
28.5,531.5
29.5,531.5
29.5,530.5
29.5,530.5
30.5,530.5
30.5,529.5
31.5,529.5
31.5,528.5
32.5,528.5
30.5,308.5
30.5,309.5
30.5,308.5
31.5,308.5
32.5,308.5
33.5,308.5
34.5,308.5
35.5,308.5
35.5,309.5
36.5,309.5
30.5,544.5
31.5,544.5
31.5,543.5
32.5,543.5
32.5,542.5
33.5,542.5
34.5,542.5
34.5,541.5
35.5,541.5
32.5,528.5
33.5,528.5
34.5,528.5
34.5,528.5
35.5,528.5
35.5,527.5
36.5,527.5
37.5,527.5
38.5,527.5
38.5,526.5
39.5,526.5
39.5,525.5
40.5,525.5
41.5,525.5
41.5,524.5
42.5,524.5
35.5,541.5
36.5,541.5
37.5,541.5
37.5,540.5
38.5,540.5
38.5,539.5
39.5,539.5
39.5,538.5
40.5,538.5
41.5,538.5
41.5,539.5
36.5,309.5
36.5,308.5
37.5,308.5
37.5,308.5
38.5,308.5
39.5,308.5
40.5,308.5
40.5,307.5
41.5,307.5
41.5,308.5
38.5,595.5
39.5,595.5
40.5,595.5
40.5,594.5
41.5,594.5
42.5,594.5
42.5,593.5
43.5,593.5
43.5,592.5
44.5,592.5
44.5,591.5
45.5,591.5
46.5,591.5
47.5,591.5
47.5,590.5
48.5,590.5
48.5,589.5
49.5,589.5
41.5,308.5
42.5,308.5
42.5,307.5
43.5,307.5
44.5,307.5
45.5,307.5
41.5,539.5
42.5,539.5
42.5,538.5
42.5,524.5
42.5,525.5
42.5,525.5
43.5,525.5
43.5,524.5
44.5,524.5
44.5,523.5
45.5,523.5
46.5,523.5
46.5,522.5
47.5,522.5
42.5,538.5
43.5,538.5
43.5,539.5
44.5,539.5
44.5,538.5
45.5,538.5
45.5,537.5
46.5,537.5
46.5,538.5
47.5,538.5
47.5,537.5
48.5,537.5
49.5,537.5
45.5,307.5
46.5,307.5
47.5,307.5
48.5,307.5
48.5,306.5
49.5,306.5
50.5,306.5
51.5,306.5
52.5,306.5
53.5,306.5
54.5,306.5
55.5,306.5
56.5,306.5
47.5,522.5
48.5,522.5
49.5,522.5
49.5,521.5
50.5,521.5
51.5,521.5
49.5,537.5
49.5,536.5
50.5,536.5
50.5,535.5
51.5,535.5
51.5,534.5
49.5,589.5
50.5,589.5
50.5,588.5
51.5,588.5
51.5,587.5
52.5,587.5
53.5,587.5
53.5,586.5
54.5,586.5
54.5,585.5
55.5,585.5
51.5,521.5
51.5,520.5
52.5,520.5
52.5,519.5
51.5,534.5
51.5,533.5
52.5,533.5
52.5,519.5
53.5,519.5
52.5,533.5
53.5,533.5
54.5,533.5
55.5,533.5
53.5,519.5
54.5,519.5
55.5,519.5
55.5,518.5
56.5,518.5
57.5,518.5
58.5,518.5
58.5,517.5
59.5,517.5
60.5,517.5
60.5,516.5
61.5,516.5
61.5,515.5
55.5,533.5
56.5,533.5
56.5,532.5
56.5,531.5
55.5,585.5
56.5,585.5
56.5,306.5
57.5,306.5
58.5,306.5
58.5,305.5
59.5,305.5
60.5,305.5
61.5,305.5
62.5,305.5
63.5,305.5
64.5,305.5
65.5,305.5
66.5,305.5
66.5,304.5
56.5,531.5
57.5,531.5
58.5,531.5
58.5,530.5
59.5,530.5
59.5,529.5
60.5,529.5
60.5,528.5
61.5,528.5
61.5,529.5
62.5,529.5
62.5,528.5
63.5,528.5
56.5,585.5
56.5,584.5
57.5,584.5
57.5,583.5
58.5,583.5
59.5,583.5
60.5,583.5
60.5,582.5
61.5,582.5
62.5,582.5
62.5,581.5
63.5,581.5
63.5,580.5
64.5,580.5
61.5,515.5
61.5,514.5
62.5,514.5
63.5,514.5
63.5,514.5
64.5,514.5
65.5,514.5
65.5,513.5
66.5,513.5
66.5,512.5
63.5,528.5
63.5,527.5
63.5,526.5
64.5,526.5
64.5,526.5
65.5,526.5
66.5,526.5
66.5,525.5
67.5,525.5
68.5,525.5
68.5,524.5
69.5,524.5
70.5,524.5
70.5,523.5
64.5,580.5
65.5,580.5
65.5,579.5
65.5,579.5
66.5,579.5
66.5,580.5
67.5,580.5
66.5,304.5
67.5,304.5
67.5,305.5
68.5,305.5
69.5,305.5
69.5,304.5
70.5,304.5
71.5,304.5
71.5,305.5
72.5,305.5
66.5,512.5
67.5,512.5
67.5,513.5
68.5,513.5
69.5,513.5
67.5,580.5
68.5,580.5
69.5,580.5
69.5,579.5
70.5,579.5
71.5,579.5
71.5,580.5
72.5,580.5
69.5,513.5
69.5,512.5
70.5,512.5
70.5,511.5
71.5,511.5
70.5,523.5
71.5,523.5
72.5,523.5
71.5,511.5
72.5,511.5
73.5,511.5
73.5,510.5
74.5,510.5
74.5,509.5
75.5,509.5
72.5,305.5
72.5,304.5
73.5,304.5
74.5,304.5
75.5,304.5
76.5,304.5
77.5,304.5
78.5,304.5
78.5,303.5
79.5,303.5
72.5,523.5
73.5,523.5
73.5,522.5
74.5,522.5
75.5,522.5
75.5,521.5
76.5,521.5
72.5,580.5
73.5,580.5
74.5,580.5
75.5,580.5
75.5,581.5
75.5,509.5
76.5,509.5
76.5,508.5
77.5,508.5
78.5,508.5
78.5,507.5
79.5,507.5
80.5,507.5
80.5,506.5
81.5,506.5
81.5,505.5
82.5,505.5
75.5,581.5
76.5,581.5
76.5,580.5
77.5,580.5
77.5,581.5
78.5,581.5
79.5,581.5
79.5,582.5
80.5,582.5
80.5,581.5
76.5,521.5
77.5,521.5
78.5,521.5
78.5,520.5
79.5,520.5
79.5,519.5
80.5,519.5
79.5,303.5
79.5,304.5
80.5,304.5
80.5,303.5
81.5,303.5
82.5,303.5
83.5,303.5
84.5,303.5
85.5,303.5
80.5,519.5
80.5,518.5
81.5,518.5
81.5,517.5
82.5,517.5
82.5,518.5
83.5,518.5
80.5,581.5
81.5,581.5
81.5,582.5
82.5,582.5
82.5,581.5
83.5,581.5
84.5,581.5
84.5,582.5
85.5,582.5
82.5,505.5
83.5,505.5
84.5,505.5
85.5,505.5
83.5,516.5
83.5,517.5
83.5,518.5
83.5,516.5
84.5,516.5
84.5,515.5
85.5,515.5
85.5,303.5
86.5,303.5
87.5,303.5
88.5,303.5
89.5,303.5
90.5,303.5
91.5,303.5
92.5,303.5
92.5,302.5
93.5,302.5
94.5,302.5
95.5,302.5
96.5,302.5
97.5,302.5
97.5,301.5
85.5,505.5
86.5,505.5
86.5,504.5
87.5,504.5
88.5,504.5
88.5,503.5
89.5,503.5
89.5,502.5
90.5,502.5
91.5,502.5
85.5,515.5
86.5,515.5
86.5,514.5
87.5,514.5
87.5,513.5
88.5,513.5
89.5,513.5
89.5,512.5
90.5,512.5
91.5,512.5
92.5,512.5
93.5,512.5
85.5,582.5
86.5,582.5
87.5,582.5
88.5,582.5
89.5,582.5
90.5,582.5
90.5,581.5
91.5,581.5
92.5,581.5
91.5,502.5
92.5,502.5
92.5,502.5
93.5,502.5
93.5,501.5
93.5,500.5
94.5,500.5
94.5,499.5
95.5,499.5
96.5,499.5
96.5,498.5
97.5,498.5
97.5,497.5
98.5,497.5
98.5,498.5
99.5,498.5
92.5,581.5
92.5,580.5
93.5,580.5
93.5,512.5
94.5,512.5
93.5,580.5
94.5,580.5
94.5,579.5
95.5,579.5
95.5,578.5
96.5,578.5
97.5,578.5
97.5,577.5
98.5,577.5
98.5,576.5
99.5,576.5
100.5,576.5
101.5,576.5
101.5,575.5
102.5,575.5
102.5,574.5
103.5,574.5
103.5,573.5
94.5,512.5
94.5,511.5
95.5,511.5
95.5,510.5
96.5,510.5
97.5,510.5
97.5,509.5
98.5,509.5
99.5,509.5
99.5,508.5
97.5,301.5
98.5,301.5
98.5,302.5
98.5,302.5
99.5,302.5
100.5,302.5
101.5,302.5
102.5,302.5
103.5,302.5
104.5,302.5
104.5,301.5
105.5,301.5
106.5,301.5
99.5,498.5
99.5,497.5
100.5,497.5
100.5,496.5
99.5,508.5
100.5,508.5
101.5,508.5
102.5,508.5
102.5,507.5
102.5,506.5
100.5,496.5
101.5,496.5
101.5,497.5
102.5,497.5
102.5,497.5
102.5,496.5
103.5,496.5
104.5,496.5
105.5,496.5
102.5,506.5
103.5,506.5
104.5,506.5
104.5,505.5
105.5,505.5
106.5,505.5
103.5,573.5
104.5,573.5
104.5,573.5
105.5,573.5
105.5,572.5
106.5,572.5
107.5,572.5
107.5,571.5
108.5,571.5
108.5,570.5
109.5,570.5
105.5,496.5
105.5,495.5
106.5,495.5
106.5,494.5
106.5,493.5
107.5,493.5
106.5,301.5
107.5,301.5
108.5,301.5
109.5,301.5
110.5,301.5
110.5,300.5
111.5,300.5
112.5,300.5
113.5,300.5
114.5,300.5
115.5,300.5
116.5,300.5
117.5,300.5
117.5,299.5
118.5,299.5
106.5,505.5
107.5,505.5
107.5,504.5
108.5,504.5
107.5,493.5
107.5,492.5
108.5,492.5
108.5,491.5
109.5,491.5
108.5,504.5
109.5,504.5
110.5,504.5
111.5,504.5
109.5,491.5
110.5,491.5
110.5,490.5
111.5,490.5
109.5,570.5
110.5,570.5
110.5,570.5
110.5,569.5
111.5,569.5
111.5,568.5
112.5,568.5
113.5,568.5
113.5,567.5
114.5,567.5
114.5,566.5
111.5,490.5
112.5,490.5
112.5,489.5
113.5,489.5
111.5,504.5
111.5,503.5
112.5,503.5
112.5,502.5
112.5,502.5
113.5,502.5
114.5,502.5
114.5,501.5
113.5,489.5
114.5,489.5
114.5,489.5
115.5,489.5
115.5,488.5
116.5,488.5
117.5,488.5
118.5,488.5
119.5,488.5
114.5,501.5
115.5,501.5
115.5,502.5
116.5,502.5
114.5,566.5
115.5,566.5
115.5,565.5
116.5,565.5
117.5,565.5
118.5,565.5
116.5,502.5
116.5,501.5
117.5,501.5
118.5,501.5
118.5,500.5
119.5,500.5
118.5,299.5
119.5,299.5
120.5,299.5
121.5,299.5
122.5,299.5
123.5,299.5
124.5,299.5
118.5,565.5
118.5,564.5
119.5,564.5
120.5,564.5
120.5,563.5
121.5,563.5
121.5,562.5
122.5,562.5
122.5,561.5
123.5,561.5
119.5,488.5
119.5,487.5
120.5,487.5
120.5,486.5
121.5,486.5
119.5,500.5
120.5,500.5
120.5,499.5
121.5,499.5
122.5,499.5
122.5,498.5
121.5,486.5
122.5,486.5
123.5,486.5
124.5,486.5
122.5,498.5
122.5,497.5
123.5,497.5
123.5,496.5
124.5,496.5
125.5,496.5
126.5,496.5
126.5,495.5
123.5,561.5
124.5,561.5
124.5,299.5
125.5,299.5
126.5,299.5
127.5,299.5
128.5,299.5
128.5,298.5
129.5,298.5
130.5,298.5
131.5,298.5
132.5,298.5
132.5,299.5
133.5,299.5
124.5,486.5
124.5,485.5
125.5,485.5
125.5,484.5
125.5,483.5
126.5,483.5
124.5,561.5
124.5,560.5
125.5,560.5
125.5,560.5
126.5,560.5
126.5,483.5
127.5,483.5
128.5,483.5
128.5,484.5
129.5,484.5
130.5,484.5
126.5,495.5
126.5,494.5
127.5,494.5
128.5,494.5
129.5,494.5
129.5,493.5
130.5,493.5
130.5,492.5
126.5,560.5
126.5,559.5
127.5,559.5
127.5,558.5
128.5,558.5
129.5,558.5
129.5,557.5
130.5,557.5
130.5,556.5
131.5,556.5
132.5,556.5
132.5,555.5
133.5,555.5
133.5,554.5
134.5,554.5
134.5,553.5
135.5,553.5
130.5,484.5
130.5,483.5
131.5,483.5
131.5,482.5
131.5,481.5
132.5,481.5
132.5,482.5
133.5,482.5
133.5,481.5
134.5,481.5
135.5,481.5
130.5,492.5
131.5,492.5
132.5,492.5
133.5,492.5
134.5,492.5
135.5,492.5
133.5,298.5
133.5,299.5
133.5,298.5
134.5,298.5
135.5,298.5
136.5,298.5
137.5,298.5
138.5,298.5
139.5,298.5
140.5,298.5
140.5,297.5
141.5,297.5
142.5,297.5
143.5,297.5
144.5,297.5
145.5,297.5
135.5,479.5
135.5,480.5
135.5,481.5
135.5,479.5
136.5,479.5
136.5,478.5
137.5,478.5
138.5,478.5
138.5,477.5
139.5,477.5
140.5,477.5
140.5,476.5
141.5,476.5
142.5,476.5
143.5,476.5
143.5,475.5
135.5,492.5
135.5,491.5
136.5,491.5
136.5,490.5
135.5,553.5
136.5,553.5
136.5,552.5
137.5,552.5
136.5,490.5
137.5,490.5
137.5,489.5
138.5,489.5
138.5,488.5
139.5,488.5
140.5,488.5
141.5,488.5
141.5,487.5
142.5,487.5
143.5,487.5
144.5,487.5
137.5,552.5
138.5,552.5
138.5,551.5
139.5,551.5
139.5,550.5
140.5,550.5
141.5,550.5
141.5,549.5
142.5,549.5
142.5,548.5
143.5,548.5
144.5,548.5
144.5,547.5
143.5,475.5
144.5,475.5
145.5,475.5
144.5,487.5
144.5,486.5
144.5,485.5
145.5,485.5
145.5,484.5
146.5,484.5
144.5,547.5
145.5,547.5
146.5,547.5
145.5,297.5
146.5,297.5
147.5,297.5
148.5,297.5
148.5,296.5
149.5,296.5
150.5,296.5
151.5,296.5
152.5,296.5
153.5,296.5
154.5,296.5
155.5,296.5
145.5,475.5
146.5,475.5
146.5,474.5
146.5,474.5
147.5,474.5
148.5,474.5
148.5,473.5
149.5,473.5
149.5,472.5
150.5,472.5
151.5,472.5
151.5,471.5
152.5,471.5
146.5,484.5
147.5,484.5
147.5,483.5
148.5,483.5
148.5,484.5
149.5,484.5
149.5,483.5
150.5,483.5
151.5,483.5
152.5,483.5
152.5,482.5
153.5,482.5
146.5,547.5
146.5,546.5
147.5,546.5
147.5,545.5
148.5,545.5
148.5,544.5
149.5,544.5
150.5,544.5
151.5,544.5
151.5,543.5
152.5,543.5
152.5,542.5
153.5,542.5
154.5,542.5
154.5,541.5
155.5,541.5
155.5,540.5
156.5,540.5
152.5,470.5
152.5,471.5
152.5,470.5
153.5,470.5
153.5,469.5
154.5,469.5
155.5,469.5
155.5,468.5
156.5,468.5
157.5,468.5
153.5,482.5
154.5,482.5
154.5,481.5
155.5,481.5
155.5,480.5
156.5,480.5
157.5,480.5
157.5,479.5
158.5,479.5
155.5,296.5
156.5,296.5
157.5,296.5
157.5,295.5
158.5,295.5
159.5,295.5
160.5,295.5
161.5,295.5
162.5,295.5
163.5,295.5
164.5,295.5
165.5,295.5
166.5,295.5
156.5,540.5
157.5,540.5
157.5,468.5
157.5,467.5
158.5,467.5
158.5,466.5
159.5,466.5
159.5,467.5
160.5,467.5
161.5,467.5
157.5,540.5
157.5,539.5
158.5,539.5
159.5,539.5
159.5,538.5
160.5,538.5
160.5,537.5
161.5,537.5
161.5,536.5
162.5,536.5
163.5,536.5
163.5,535.5
164.5,535.5
164.5,534.5
158.5,479.5
159.5,479.5
159.5,478.5
160.5,478.5
161.5,478.5
159.5,589.5
159.5,588.5
158.5,588.5
158.5,587.5
158.5,586.5
158.5,585.5
158.5,584.5
159.5,584.5
159.5,583.5
160.5,583.5
160.5,582.5
160.5,581.5
160.5,580.5
161.5,580.5
161.5,579.5
162.5,579.5
161.5,467.5
161.5,466.5
162.5,466.5
163.5,466.5
163.5,465.5
164.5,465.5
164.5,464.5
161.5,478.5
161.5,477.5
161.5,476.5
162.5,476.5
162.5,476.5
163.5,476.5
164.5,476.5
162.5,579.5
163.5,579.5
163.5,578.5
163.5,577.5
163.5,577.5
164.5,577.5
164.5,576.5
165.5,576.5
166.5,576.5
166.5,575.5
167.5,575.5
167.5,574.5
168.5,574.5
168.5,573.5
169.5,573.5
170.5,573.5
170.5,572.5
171.5,572.5
171.5,571.5
172.5,571.5
172.5,570.5
164.5,464.5
165.5,464.5
166.5,464.5
164.5,476.5
164.5,475.5
165.5,475.5
165.5,474.5
166.5,474.5
167.5,474.5
167.5,473.5
164.5,534.5
165.5,534.5
165.5,534.5
165.5,533.5
166.5,533.5
166.5,295.5
167.5,295.5
168.5,295.5
168.5,294.5
169.5,294.5
170.5,294.5
171.5,294.5
172.5,294.5
172.5,293.5
173.5,293.5
166.5,463.5
166.5,464.5
166.5,463.5
167.5,463.5
168.5,463.5
168.5,462.5
169.5,462.5
166.5,533.5
167.5,533.5
167.5,532.5
168.5,532.5
167.5,473.5
168.5,473.5
169.5,473.5
168.5,532.5
169.5,532.5
169.5,531.5
170.5,531.5
171.5,531.5
171.5,530.5
172.5,530.5
173.5,530.5
173.5,529.5
174.5,529.5
174.5,528.5
175.5,528.5
176.5,528.5
169.5,462.5
170.5,462.5
170.5,461.5
169.5,473.5
169.5,472.5
170.5,472.5
170.5,471.5
170.5,461.5
171.5,461.5
171.5,462.5
172.5,462.5
173.5,462.5
170.5,471.5
171.5,471.5
172.5,471.5
173.5,471.5
173.5,470.5
174.5,470.5
172.5,570.5
173.5,570.5
174.5,570.5
174.5,569.5
175.5,569.5
175.5,568.5
176.5,568.5
173.5,293.5
173.5,294.5
174.5,294.5
175.5,294.5
176.5,294.5
177.5,294.5
177.5,293.5
173.5,462.5
173.5,461.5
174.5,461.5
175.5,461.5
175.5,460.5
176.5,460.5
177.5,460.5
174.5,470.5
175.5,470.5
176.5,470.5
176.5,469.5
176.5,468.5
177.5,468.5
177.5,467.5
178.5,467.5
176.5,528.5
176.5,527.5
177.5,527.5
177.5,526.5
178.5,526.5
179.5,526.5
179.5,525.5
180.5,525.5
176.5,568.5
177.5,568.5
177.5,567.5
178.5,567.5
178.5,566.5
179.5,566.5
177.5,293.5
178.5,293.5
178.5,294.5
179.5,294.5
180.5,294.5
180.5,293.5
181.5,293.5
182.5,293.5
177.5,460.5
177.5,459.5
178.5,459.5
178.5,458.5
179.5,458.5
180.5,458.5
180.5,457.5
178.5,467.5
179.5,467.5
179.5,467.5
180.5,467.5
181.5,467.5
181.5,466.5
182.5,466.5
182.5,465.5
183.5,465.5
184.5,465.5
184.5,464.5
179.5,566.5
180.5,566.5
180.5,565.5
181.5,565.5
181.5,564.5
182.5,564.5
182.5,563.5
183.5,563.5
183.5,562.5
184.5,562.5
184.5,561.5
185.5,561.5
180.5,457.5
181.5,457.5
182.5,457.5
183.5,457.5
180.5,525.5
181.5,525.5
181.5,524.5
182.5,524.5
182.5,523.5
183.5,523.5
184.5,523.5
184.5,522.5
185.5,522.5
182.5,293.5
183.5,293.5
184.5,293.5
185.5,293.5
186.5,293.5
187.5,293.5
187.5,292.5
188.5,292.5
183.5,457.5
183.5,456.5
183.5,455.5
184.5,455.5
184.5,454.5
185.5,454.5
186.5,454.5
186.5,453.5
187.5,453.5
188.5,453.5
189.5,453.5
190.5,453.5
191.5,453.5
184.5,464.5
185.5,464.5
186.5,464.5
187.5,464.5
187.5,463.5
188.5,463.5
189.5,463.5
189.5,462.5
190.5,462.5
191.5,462.5
185.5,522.5
185.5,521.5
186.5,521.5
186.5,520.5
185.5,561.5
186.5,561.5
186.5,560.5
187.5,560.5
187.5,559.5
186.5,520.5
187.5,520.5
187.5,519.5
188.5,519.5
189.5,519.5
189.5,518.5
190.5,518.5
191.5,518.5
191.5,517.5
192.5,517.5
193.5,517.5
187.5,559.5
188.5,559.5
189.5,559.5
188.5,292.5
188.5,293.5
189.5,293.5
190.5,293.5
190.5,292.5
191.5,292.5
192.5,292.5
193.5,292.5
194.5,292.5
195.5,292.5
196.5,292.5
189.5,559.5
189.5,558.5
190.5,558.5
190.5,557.5
191.5,557.5
192.5,557.5
192.5,556.5
193.5,556.5
193.5,555.5
191.5,453.5
191.5,452.5
191.5,451.5
192.5,451.5
192.5,450.5
193.5,450.5
194.5,450.5
191.5,462.5
192.5,462.5
192.5,461.5
192.5,460.5
192.5,460.5
193.5,460.5
194.5,460.5
195.5,460.5
193.5,517.5
194.5,517.5
194.5,516.5
194.5,515.5
195.5,515.5
195.5,514.5
196.5,514.5
197.5,514.5
193.5,555.5
194.5,555.5
195.5,555.5
195.5,554.5
196.5,554.5
196.5,553.5
197.5,553.5
197.5,552.5
194.5,450.5
195.5,450.5
196.5,450.5
196.5,449.5
196.5,448.5
197.5,448.5
195.5,460.5
196.5,460.5
196.5,459.5
196.5,458.5
197.5,458.5
197.5,457.5
198.5,457.5
199.5,457.5
200.5,457.5
200.5,458.5
201.5,458.5
196.5,292.5
197.5,292.5
198.5,292.5
199.5,292.5
199.5,291.5
200.5,291.5
201.5,291.5
197.5,448.5
198.5,448.5
199.5,448.5
199.5,447.5
200.5,447.5
201.5,447.5
201.5,446.5
202.5,446.5
197.5,514.5
198.5,514.5
198.5,513.5
198.5,512.5
199.5,512.5
197.5,552.5
198.5,552.5
199.5,552.5
199.5,551.5
200.5,551.5
200.5,550.5
201.5,550.5
199.5,512.5
200.5,512.5
201.5,512.5
201.5,511.5
202.5,511.5
201.5,291.5
202.5,291.5
202.5,292.5
201.5,458.5
201.5,457.5
202.5,457.5
202.5,456.5
202.5,455.5
203.5,455.5
203.5,454.5
201.5,550.5
202.5,550.5
202.5,549.5
203.5,549.5
202.5,292.5
203.5,292.5
203.5,291.5
204.5,291.5
205.5,291.5
206.5,291.5
202.5,446.5
203.5,446.5
203.5,445.5
204.5,445.5
205.5,445.5
206.5,445.5
206.5,444.5
207.5,444.5
208.5,444.5
209.5,444.5
202.5,511.5
202.5,510.5
203.5,510.5
203.5,509.5
204.5,509.5
205.5,509.5
205.5,508.5
206.5,508.5
206.5,507.5
207.5,507.5
208.5,507.5
208.5,506.5
209.5,506.5
210.5,506.5
210.5,505.5
211.5,505.5
211.5,504.5
212.5,504.5
213.5,504.5
213.5,503.5
214.5,503.5
214.5,502.5
203.5,454.5
204.5,454.5
204.5,455.5
203.5,549.5
204.5,549.5
204.5,548.5
204.5,547.5
205.5,547.5
205.5,546.5
206.5,546.5
206.5,545.5
207.5,545.5
207.5,544.5
208.5,544.5
208.5,543.5
209.5,543.5
209.5,542.5
210.5,542.5
211.5,542.5
212.5,542.5
204.5,455.5
205.5,455.5
205.5,454.5
206.5,454.5
206.5,453.5
207.5,453.5
208.5,453.5
209.5,453.5
209.5,452.5
210.5,452.5
210.5,451.5
210.5,450.5
206.5,291.5
207.5,291.5
207.5,290.5
208.5,290.5
209.5,290.5
210.5,290.5
211.5,290.5
211.5,289.5
209.5,444.5
209.5,443.5
210.5,443.5
210.5,442.5
211.5,442.5
212.5,442.5
212.5,441.5
213.5,441.5
210.5,450.5
211.5,450.5
212.5,450.5
213.5,450.5
211.5,289.5
212.5,289.5
212.5,290.5
213.5,290.5
214.5,290.5
215.5,290.5
216.5,290.5
216.5,289.5
217.5,289.5
218.5,289.5
211.5,531.5
211.5,532.5
211.5,531.5
212.5,531.5
213.5,531.5
213.5,530.5
214.5,530.5
214.5,529.5
215.5,529.5
215.5,528.5
216.5,528.5
217.5,528.5
217.5,527.5
218.5,527.5
218.5,526.5
219.5,526.5
211.5,532.5
211.5,533.5
211.5,534.5
212.5,534.5
212.5,535.5
213.5,535.5
212.5,542.5
212.5,541.5
212.5,540.5
212.5,539.5
212.5,538.5
213.5,538.5
213.5,441.5
213.5,440.5
214.5,440.5
214.5,439.5
215.5,439.5
216.5,439.5
213.5,450.5
213.5,449.5
214.5,449.5
213.5,535.5
213.5,536.5
212.5,536.5
212.5,537.5
213.5,537.5
213.5,538.5
214.5,449.5
215.5,449.5
215.5,448.5
216.5,448.5
216.5,447.5
217.5,447.5
218.5,447.5
219.5,447.5
220.5,447.5
214.5,502.5
215.5,502.5
216.5,502.5
216.5,439.5
217.5,439.5
218.5,439.5
219.5,439.5
216.5,502.5
216.5,501.5
217.5,501.5
217.5,500.5
218.5,500.5
218.5,289.5
219.5,289.5
220.5,289.5
221.5,289.5
222.5,289.5
223.5,289.5
224.5,289.5
225.5,289.5
226.5,289.5
227.5,289.5
228.5,289.5
218.5,500.5
219.5,500.5
219.5,499.5
219.5,439.5
219.5,438.5
220.5,438.5
221.5,438.5
221.5,437.5
222.5,437.5
222.5,436.5
223.5,436.5
219.5,499.5
220.5,499.5
220.5,498.5
221.5,498.5
222.5,498.5
222.5,497.5
223.5,497.5
223.5,496.5
224.5,496.5
225.5,496.5
219.5,526.5
220.5,526.5
220.5,525.5
221.5,525.5
221.5,524.5
222.5,524.5
223.5,524.5
223.5,523.5
223.5,522.5
224.5,522.5
220.5,447.5
221.5,447.5
221.5,446.5
222.5,446.5
222.5,446.5
222.5,445.5
222.5,444.5
223.5,444.5
224.5,444.5
223.5,436.5
223.5,435.5
224.5,435.5
225.5,435.5
225.5,434.5
226.5,434.5
227.5,434.5
224.5,444.5
225.5,444.5
225.5,443.5
226.5,443.5
227.5,443.5
227.5,442.5
224.5,522.5
225.5,522.5
225.5,521.5
226.5,521.5
226.5,520.5
227.5,520.5
228.5,520.5
225.5,496.5
225.5,495.5
226.5,495.5
226.5,495.5
227.5,495.5
228.5,495.5
227.5,434.5
227.5,433.5
228.5,433.5
229.5,433.5
229.5,432.5
230.5,432.5
230.5,431.5
227.5,442.5
228.5,442.5
228.5,443.5
229.5,443.5
229.5,442.5
230.5,442.5
231.5,442.5
231.5,441.5
232.5,441.5
233.5,441.5
233.5,440.5
234.5,440.5
228.5,289.5
228.5,290.5
228.5,290.5
229.5,290.5
229.5,289.5
230.5,289.5
231.5,289.5
232.5,289.5
233.5,289.5
234.5,289.5
234.5,288.5
228.5,495.5
228.5,494.5
228.5,493.5
229.5,493.5
229.5,492.5
228.5,520.5
228.5,519.5
229.5,519.5
229.5,518.5
229.5,492.5
230.5,492.5
231.5,492.5
231.5,491.5
232.5,491.5
233.5,491.5
233.5,490.5
234.5,490.5
234.5,489.5
235.5,489.5
235.5,488.5
229.5,518.5
230.5,518.5
230.5,517.5
231.5,517.5
232.5,517.5
232.5,516.5
233.5,516.5
233.5,515.5
234.5,515.5
230.5,431.5
231.5,431.5
232.5,431.5
233.5,431.5
234.5,431.5
234.5,288.5
235.5,288.5
236.5,288.5
237.5,288.5
238.5,288.5
238.5,287.5
239.5,287.5
234.5,431.5
234.5,430.5
234.5,429.5
235.5,429.5
235.5,428.5
234.5,440.5
235.5,440.5
235.5,439.5
236.5,439.5
236.5,438.5
237.5,438.5
234.5,515.5
235.5,515.5
235.5,514.5
236.5,514.5
236.5,513.5
237.5,513.5
235.5,428.5
236.5,428.5
237.5,428.5
238.5,428.5
239.5,428.5
235.5,488.5
236.5,488.5
236.5,487.5
237.5,487.5
238.5,487.5
237.5,438.5
238.5,438.5
238.5,437.5
239.5,437.5
240.5,437.5
240.5,436.5
237.5,513.5
237.5,512.5
238.5,512.5
238.5,511.5
239.5,511.5
238.5,487.5
239.5,487.5
239.5,486.5
240.5,486.5
239.5,287.5
240.5,287.5
241.5,287.5
242.5,287.5
243.5,287.5
243.5,288.5
244.5,288.5
239.5,428.5
239.5,427.5
240.5,427.5
240.5,426.5
241.5,426.5
239.5,511.5
240.5,511.5
240.5,510.5
241.5,510.5
242.5,510.5
242.5,509.5
243.5,509.5
243.5,508.5
244.5,508.5
244.5,507.5
244.5,506.5
240.5,436.5
241.5,436.5
242.5,436.5
240.5,486.5
241.5,486.5
241.5,485.5
242.5,485.5
242.5,484.5
243.5,484.5
243.5,483.5
244.5,483.5
245.5,483.5
245.5,482.5
246.5,482.5
246.5,481.5
247.5,481.5
247.5,480.5
248.5,480.5
249.5,480.5
250.5,480.5
250.5,479.5
251.5,479.5
251.5,478.5
241.5,426.5
242.5,426.5
243.5,426.5
243.5,425.5
244.5,425.5
244.5,424.5
245.5,424.5
242.5,436.5
243.5,436.5
243.5,435.5
244.5,435.5
244.5,288.5
244.5,287.5
245.5,287.5
246.5,287.5
247.5,287.5
248.5,287.5
248.5,286.5
249.5,286.5
250.5,286.5
251.5,286.5
251.5,285.5
244.5,435.5
245.5,435.5
245.5,434.5
246.5,434.5
246.5,433.5
246.5,432.5
244.5,506.5
245.5,506.5
246.5,506.5
247.5,506.5
247.5,505.5
248.5,505.5
248.5,504.5
245.5,424.5
246.5,424.5
246.5,423.5
247.5,423.5
248.5,423.5
246.5,432.5
247.5,432.5
248.5,432.5
249.5,432.5
249.5,431.5
250.5,431.5
250.5,430.5
251.5,430.5
252.5,430.5
248.5,423.5
249.5,423.5
250.5,423.5
250.5,422.5
251.5,422.5
248.5,504.5
249.5,504.5
250.5,504.5
250.5,503.5
251.5,503.5
251.5,502.5
252.5,502.5
251.5,285.5
252.5,285.5
252.5,286.5
253.5,286.5
254.5,286.5
255.5,286.5
256.5,286.5
257.5,286.5
257.5,285.5
258.5,285.5
259.5,285.5
251.5,422.5
252.5,422.5
252.5,421.5
253.5,421.5
251.5,478.5
252.5,478.5
252.5,477.5
253.5,477.5
252.5,430.5
253.5,430.5
254.5,430.5
255.5,430.5
255.5,429.5
255.5,428.5
256.5,428.5
252.5,502.5
252.5,501.5
253.5,501.5
253.5,500.5
254.5,500.5
255.5,500.5
255.5,499.5
256.5,499.5
257.5,499.5
257.5,498.5
258.5,498.5
258.5,497.5
259.5,497.5
259.5,496.5
260.5,496.5
260.5,495.5
261.5,495.5
253.5,421.5
254.5,421.5
255.5,421.5
253.5,477.5
254.5,477.5
254.5,476.5
255.5,476.5
255.5,475.5
256.5,475.5
257.5,475.5
255.5,421.5
255.5,420.5
256.5,420.5
257.5,420.5
257.5,419.5
258.5,419.5
258.5,418.5
259.5,418.5
256.5,428.5
257.5,428.5
257.5,427.5
258.5,427.5
257.5,475.5
258.5,475.5
258.5,474.5
259.5,474.5
258.5,427.5
259.5,427.5
259.5,426.5
260.5,426.5
260.5,425.5
259.5,285.5
260.5,285.5
259.5,418.5
259.5,417.5
260.5,417.5
260.5,416.5
259.5,474.5
259.5,473.5
260.5,473.5
260.5,472.5
261.5,472.5
260.5,285.5
261.5,285.5
262.5,285.5
263.5,285.5
264.5,285.5
265.5,285.5
266.5,285.5
267.5,285.5
268.5,285.5
269.5,285.5
260.5,416.5
261.5,416.5
261.5,417.5
262.5,417.5
262.5,416.5
263.5,416.5
264.5,416.5
264.5,415.5
265.5,415.5
260.5,425.5
261.5,425.5
262.5,425.5
262.5,424.5
263.5,424.5
264.5,424.5
264.5,423.5
265.5,423.5
266.5,423.5
267.5,423.5
267.5,422.5
268.5,422.5
268.5,421.5
269.5,421.5
270.5,421.5
261.5,472.5
262.5,472.5
262.5,471.5
263.5,471.5
263.5,470.5
264.5,470.5
265.5,470.5
265.5,469.5
266.5,469.5
266.5,468.5
267.5,468.5
261.5,495.5
262.5,495.5
262.5,495.5
262.5,494.5
263.5,494.5
263.5,493.5
264.5,493.5
264.5,492.5
265.5,492.5
265.5,491.5
265.5,415.5
266.5,415.5
266.5,414.5
267.5,414.5
268.5,414.5
268.5,413.5
269.5,413.5
265.5,491.5
266.5,491.5
267.5,491.5
267.5,490.5
268.5,490.5
269.5,490.5
270.5,490.5
267.5,468.5
268.5,468.5
268.5,467.5
269.5,467.5
269.5,466.5
270.5,466.5
271.5,466.5
272.5,466.5
269.5,285.5
270.5,285.5
270.5,284.5
269.5,413.5
270.5,413.5
270.5,412.5
271.5,412.5
272.5,412.5
272.5,411.5
273.5,411.5
270.5,284.5
271.5,284.5
272.5,284.5
273.5,284.5
274.5,284.5
274.5,285.5
275.5,285.5
270.5,421.5
271.5,421.5
270.5,490.5
270.5,489.5
270.5,488.5
271.5,488.5
271.5,487.5
272.5,487.5
273.5,487.5
273.5,486.5
274.5,486.5
274.5,485.5
274.5,484.5
271.5,421.5
271.5,420.5
272.5,420.5
272.5,419.5
273.5,419.5
274.5,419.5
272.5,466.5
272.5,465.5
273.5,465.5
273.5,464.5
274.5,464.5
274.5,463.5
275.5,463.5
275.5,462.5
276.5,462.5
277.5,462.5
277.5,461.5
273.5,411.5
274.5,411.5
274.5,410.5
275.5,410.5
276.5,410.5
276.5,409.5
277.5,409.5
277.5,410.5
278.5,410.5
274.5,419.5
275.5,419.5
276.5,419.5
277.5,419.5
274.5,484.5
275.5,484.5
276.5,484.5
277.5,484.5
277.5,483.5
278.5,483.5
278.5,482.5
279.5,482.5
280.5,482.5
280.5,481.5
281.5,481.5
281.5,480.5
282.5,480.5
282.5,479.5
283.5,479.5
283.5,478.5
284.5,478.5
275.5,285.5
275.5,284.5
276.5,284.5
277.5,284.5
278.5,284.5
279.5,284.5
280.5,284.5
277.5,419.5
277.5,418.5
278.5,418.5
278.5,417.5
279.5,417.5
277.5,461.5
278.5,461.5
279.5,461.5
279.5,460.5
280.5,460.5
280.5,459.5
278.5,410.5
278.5,409.5
279.5,409.5
279.5,408.5
280.5,408.5
281.5,408.5
281.5,407.5
282.5,407.5
279.5,417.5
280.5,417.5
280.5,416.5
281.5,416.5
281.5,415.5
282.5,415.5
283.5,415.5
283.5,414.5
284.5,414.5
280.5,284.5
281.5,284.5
282.5,284.5
283.5,284.5
280.5,459.5
281.5,459.5
281.5,459.5
282.5,459.5
282.5,458.5
283.5,458.5
283.5,457.5
284.5,457.5
284.5,456.5
285.5,456.5
286.5,456.5
286.5,455.5
287.5,455.5
288.5,455.5
282.5,407.5
283.5,407.5
283.5,406.5
284.5,406.5
283.5,284.5
284.5,284.5
284.5,283.5
285.5,283.5
286.5,283.5
287.5,283.5
288.5,283.5
288.5,284.5
289.5,284.5
284.5,406.5
285.5,406.5
285.5,405.5
286.5,405.5
287.5,405.5
288.5,405.5
284.5,414.5
285.5,414.5
285.5,413.5
284.5,478.5
285.5,478.5
285.5,413.5
286.5,413.5
287.5,413.5
288.5,413.5
288.5,412.5
289.5,412.5
285.5,478.5
285.5,477.5
286.5,477.5
286.5,476.5
287.5,476.5
287.5,475.5
288.5,475.5
289.5,475.5
289.5,474.5
288.5,405.5
288.5,404.5
289.5,404.5
290.5,404.5
290.5,403.5
291.5,403.5
292.5,403.5
292.5,402.5
293.5,402.5
294.5,402.5
295.5,402.5
288.5,455.5
288.5,454.5
289.5,454.5
289.5,453.5
289.5,284.5
289.5,283.5
290.5,283.5
291.5,283.5
292.5,283.5
293.5,283.5
294.5,283.5
289.5,412.5
290.5,412.5
291.5,412.5
291.5,411.5
292.5,411.5
292.5,410.5
293.5,410.5
294.5,410.5
294.5,409.5
295.5,409.5
296.5,409.5
289.5,453.5
290.5,453.5
290.5,452.5
291.5,452.5
292.5,452.5
292.5,451.5
292.5,450.5
293.5,450.5
289.5,474.5
290.5,474.5
290.5,473.5
291.5,473.5
292.5,473.5
292.5,472.5
293.5,472.5
293.5,450.5
294.5,450.5
295.5,450.5
295.5,449.5
296.5,449.5
296.5,448.5
297.5,448.5
298.5,448.5
298.5,447.5
299.5,447.5
299.5,446.5
300.5,446.5
301.5,446.5
293.5,472.5
293.5,471.5
294.5,471.5
294.5,470.5
295.5,470.5
295.5,469.5
296.5,469.5
297.5,469.5
295.5,402.5
295.5,401.5
296.5,401.5
297.5,401.5
297.5,400.5
298.5,400.5
298.5,399.5
299.5,399.5
300.5,399.5
300.5,398.5
301.5,398.5
296.5,409.5
297.5,409.5
297.5,408.5
298.5,408.5
298.5,407.5
299.5,407.5
300.5,407.5
301.5,407.5
301.5,406.5
302.5,406.5
302.5,405.5
297.5,469.5
298.5,469.5
298.5,468.5
298.5,467.5
299.5,467.5
300.5,467.5
300.5,466.5
301.5,466.5
302.5,466.5
302.5,465.5
303.5,465.5
301.5,398.5
302.5,398.5
302.5,397.5
301.5,446.5
302.5,446.5
302.5,397.5
303.5,397.5
304.5,397.5
304.5,396.5
305.5,396.5
306.5,396.5
306.5,395.5
307.5,395.5
308.5,395.5
309.5,395.5
309.5,394.5
310.5,394.5
302.5,405.5
303.5,405.5
304.5,405.5
302.5,446.5
302.5,445.5
303.5,445.5
303.5,444.5
304.5,444.5
304.5,443.5
305.5,443.5
306.5,443.5
306.5,442.5
307.5,442.5
307.5,441.5
308.5,441.5
303.5,465.5
303.5,464.5
304.5,464.5
304.5,405.5
305.5,405.5
305.5,404.5
306.5,404.5
306.5,403.5
307.5,403.5
308.5,403.5
309.5,403.5
310.5,403.5
310.5,402.5
311.5,402.5
304.5,464.5
305.5,464.5
306.5,464.5
306.5,463.5
307.5,463.5
308.5,463.5
308.5,441.5
309.5,441.5
309.5,440.5
310.5,440.5
310.5,439.5
311.5,439.5
311.5,438.5
312.5,438.5
308.5,463.5
308.5,462.5
308.5,461.5
309.5,461.5
309.5,461.5
309.5,460.5
310.5,460.5
310.5,459.5
310.5,458.5
311.5,458.5
311.5,457.5
310.5,394.5
311.5,394.5
311.5,393.5
312.5,393.5
313.5,393.5
311.5,402.5
312.5,402.5
312.5,401.5
313.5,401.5
313.5,400.5
314.5,400.5
315.5,400.5
311.5,457.5
312.5,457.5
312.5,456.5
313.5,456.5
312.5,438.5
313.5,438.5
313.5,437.5
314.5,437.5
314.5,436.5
314.5,435.5
313.5,393.5
314.5,393.5
313.5,456.5
314.5,456.5
314.5,455.5
315.5,455.5
316.5,455.5
316.5,454.5
317.5,454.5
317.5,453.5
318.5,453.5
318.5,452.5
319.5,452.5
320.5,452.5
314.5,393.5
314.5,392.5
315.5,392.5
316.5,392.5
316.5,391.5
317.5,391.5
318.5,391.5
314.5,435.5
315.5,435.5
316.5,435.5
317.5,435.5
317.5,434.5
318.5,434.5
318.5,433.5
319.5,433.5
320.5,433.5
320.5,432.5
321.5,432.5
322.5,432.5
315.5,400.5
316.5,400.5
316.5,399.5
317.5,399.5
317.5,398.5
318.5,398.5
319.5,398.5
319.5,397.5
318.5,391.5
318.5,390.5
319.5,390.5
319.5,390.5
320.5,390.5
320.5,389.5
321.5,389.5
322.5,389.5
319.5,397.5
320.5,397.5
320.5,397.5
321.5,397.5
321.5,396.5
322.5,396.5
323.5,396.5
320.5,452.5
320.5,451.5
321.5,451.5
321.5,450.5
322.5,450.5
323.5,450.5
323.5,449.5
324.5,449.5
324.5,448.5
325.5,448.5
325.5,447.5
325.5,446.5
322.5,389.5
322.5,388.5
323.5,388.5
323.5,387.5
324.5,387.5
325.5,387.5
325.5,386.5
326.5,386.5
327.5,386.5
327.5,385.5
328.5,385.5
322.5,432.5
322.5,431.5
323.5,431.5
323.5,430.5
323.5,396.5
324.5,396.5
324.5,395.5
325.5,395.5
326.5,395.5
326.5,394.5
327.5,394.5
328.5,394.5
323.5,430.5
324.5,430.5
325.5,430.5
325.5,429.5
326.5,429.5
326.5,428.5
327.5,428.5
328.5,428.5
328.5,427.5
329.5,427.5
329.5,426.5
329.5,425.5
325.5,446.5
326.5,446.5
327.5,446.5
328.5,446.5
328.5,445.5
329.5,445.5
329.5,444.5
330.5,444.5
331.5,444.5
331.5,443.5
332.5,443.5
328.5,385.5
329.5,385.5
329.5,384.5
330.5,384.5
331.5,384.5
332.5,384.5
332.5,383.5
333.5,383.5
334.5,383.5
328.5,394.5
328.5,393.5
329.5,393.5
329.5,392.5
329.5,392.5
330.5,392.5
331.5,392.5
331.5,391.5
332.5,391.5
333.5,391.5
333.5,390.5
334.5,390.5
335.5,390.5
329.5,425.5
330.5,425.5
331.5,425.5
332.5,425.5
332.5,425.5
332.5,424.5
333.5,424.5
334.5,424.5
334.5,423.5
334.5,422.5
335.5,422.5
332.5,443.5
332.5,442.5
333.5,442.5
333.5,441.5
334.5,441.5
334.5,440.5
335.5,440.5
335.5,439.5
336.5,439.5
334.5,383.5
334.5,382.5
335.5,382.5
335.5,381.5
336.5,381.5
337.5,381.5
337.5,380.5
338.5,380.5
338.5,379.5
339.5,379.5
335.5,390.5
336.5,390.5
336.5,389.5
337.5,389.5
338.5,389.5
338.5,388.5
339.5,388.5
339.5,387.5
340.5,387.5
340.5,386.5
335.5,422.5
336.5,422.5
337.5,422.5
337.5,421.5
338.5,421.5
338.5,420.5
339.5,420.5
340.5,420.5
336.5,439.5
337.5,439.5
337.5,438.5
338.5,438.5
338.5,437.5
339.5,437.5
339.5,436.5
340.5,436.5
341.5,436.5
341.5,435.5
339.5,379.5
340.5,379.5
340.5,378.5
341.5,378.5
342.5,378.5
342.5,377.5
343.5,377.5
340.5,386.5
341.5,386.5
342.5,386.5
343.5,386.5
340.5,420.5
340.5,419.5
341.5,419.5
341.5,418.5
342.5,418.5
341.5,435.5
342.5,435.5
342.5,418.5
343.5,418.5
343.5,417.5
344.5,417.5
345.5,417.5
345.5,416.5
346.5,416.5
347.5,416.5
347.5,415.5
348.5,415.5
342.5,435.5
342.5,434.5
343.5,434.5
343.5,433.5
344.5,433.5
345.5,433.5
343.5,377.5
344.5,377.5
345.5,377.5
345.5,376.5
346.5,376.5
347.5,376.5
347.5,375.5
348.5,375.5
348.5,374.5
349.5,374.5
343.5,386.5
343.5,385.5
344.5,385.5
344.5,384.5
344.5,384.5
345.5,384.5
346.5,384.5
346.5,383.5
347.5,383.5
348.5,383.5
349.5,383.5
350.5,383.5
350.5,382.5
351.5,382.5
345.5,433.5
346.5,433.5
346.5,432.5
346.5,431.5
347.5,431.5
347.5,430.5
348.5,430.5
349.5,430.5
349.5,429.5
349.5,428.5
348.5,415.5
349.5,415.5
349.5,414.5
349.5,374.5
350.5,374.5
349.5,414.5
350.5,414.5
350.5,413.5
351.5,413.5
352.5,413.5
352.5,412.5
353.5,412.5
353.5,411.5
354.5,411.5
349.5,428.5
350.5,428.5
351.5,428.5
351.5,427.5
352.5,427.5
353.5,427.5
353.5,426.5
354.5,426.5
355.5,426.5
350.5,374.5
351.5,374.5
352.5,374.5
352.5,373.5
353.5,373.5
354.5,373.5
351.5,350.5
350.5,350.5
350.5,349.5
350.5,348.5
350.5,347.5
350.5,346.5
351.5,346.5
352.5,346.5
352.5,345.5
353.5,345.5
354.5,345.5
351.5,350.5
352.5,350.5
353.5,350.5
354.5,350.5
355.5,350.5
356.5,350.5
356.5,351.5
351.5,382.5
352.5,382.5
352.5,382.5
352.5,381.5
353.5,381.5
353.5,380.5
354.5,380.5
354.5,379.5
354.5,345.5
355.5,345.5
356.5,345.5
357.5,345.5
357.5,344.5
358.5,344.5
358.5,345.5
354.5,373.5
354.5,372.5
355.5,372.5
356.5,372.5
356.5,371.5
357.5,371.5
357.5,370.5
354.5,379.5
355.5,379.5
356.5,379.5
357.5,379.5
354.5,411.5
354.5,410.5
355.5,410.5
355.5,410.5
356.5,410.5
356.5,409.5
357.5,409.5
357.5,408.5
358.5,408.5
359.5,408.5
355.5,426.5
355.5,425.5
356.5,425.5
356.5,424.5
356.5,351.5
357.5,351.5
357.5,350.5
358.5,350.5
356.5,424.5
357.5,424.5
357.5,423.5
358.5,423.5
358.5,422.5
359.5,422.5
359.5,421.5
360.5,421.5
357.5,370.5
358.5,370.5
359.5,370.5
360.5,370.5
360.5,369.5
361.5,369.5
361.5,368.5
362.5,368.5
357.5,379.5
358.5,379.5
358.5,378.5
359.5,378.5
360.5,378.5
360.5,377.5
361.5,377.5
362.5,377.5
362.5,376.5
363.5,376.5
363.5,375.5
364.5,375.5
365.5,375.5
365.5,374.5
358.5,345.5
359.5,345.5
359.5,344.5
360.5,344.5
360.5,343.5
358.5,350.5
359.5,350.5
359.5,351.5
360.5,351.5
361.5,351.5
361.5,352.5
359.5,408.5
360.5,408.5
360.5,407.5
361.5,407.5
361.5,406.5
362.5,406.5
360.5,343.5
361.5,343.5
361.5,344.5
362.5,344.5
363.5,344.5
364.5,344.5
365.5,344.5
366.5,344.5
367.5,344.5
368.5,344.5
360.5,421.5
361.5,421.5
361.5,420.5
362.5,420.5
362.5,419.5
363.5,419.5
363.5,418.5
361.5,352.5
362.5,352.5
363.5,352.5
364.5,352.5
365.5,352.5
366.5,352.5
366.5,351.5
367.5,351.5
368.5,351.5
362.5,368.5
363.5,368.5
364.5,368.5
362.5,406.5
363.5,406.5
363.5,405.5
364.5,405.5
364.5,404.5
365.5,404.5
366.5,404.5
367.5,404.5
363.5,418.5
364.5,418.5
364.5,368.5
364.5,367.5
365.5,367.5
365.5,366.5
366.5,366.5
367.5,366.5
368.5,366.5
369.5,366.5
370.5,366.5
370.5,365.5
371.5,365.5
371.5,364.5
364.5,418.5
365.5,418.5
365.5,417.5
366.5,417.5
367.5,417.5
367.5,416.5
368.5,416.5
368.5,415.5
365.5,374.5
366.5,374.5
366.5,374.5
367.5,374.5
367.5,373.5
368.5,373.5
369.5,373.5
370.5,373.5
370.5,372.5
371.5,372.5
372.5,372.5
367.5,404.5
367.5,403.5
368.5,403.5
368.5,402.5
369.5,402.5
369.5,401.5
368.5,344.5
369.5,344.5
370.5,344.5
371.5,344.5
372.5,344.5
373.5,344.5
374.5,344.5
375.5,344.5
376.5,344.5
377.5,344.5
378.5,344.5
379.5,344.5
380.5,344.5
380.5,343.5
381.5,343.5
382.5,343.5
383.5,343.5
383.5,344.5
384.5,344.5
385.5,344.5
386.5,344.5
368.5,351.5
369.5,351.5
370.5,351.5
371.5,351.5
368.5,415.5
369.5,415.5
369.5,414.5
370.5,414.5
371.5,414.5
371.5,413.5
372.5,413.5
373.5,413.5
373.5,412.5
374.5,412.5
374.5,411.5
369.5,401.5
370.5,401.5
370.5,400.5
371.5,400.5
372.5,400.5
373.5,400.5
371.5,351.5
372.5,351.5
372.5,350.5
373.5,350.5
374.5,350.5
375.5,350.5
376.5,350.5
377.5,350.5
378.5,350.5
379.5,350.5
380.5,350.5
381.5,350.5
382.5,350.5
383.5,350.5
371.5,364.5
371.5,363.5
372.5,363.5
372.5,363.5
373.5,363.5
374.5,363.5
374.5,362.5
375.5,362.5
376.5,362.5
372.5,372.5
372.5,371.5
373.5,371.5
373.5,370.5
373.5,370.5
374.5,370.5
375.5,370.5
375.5,369.5
376.5,369.5
377.5,369.5
377.5,368.5
373.5,400.5
374.5,400.5
374.5,399.5
374.5,398.5
375.5,398.5
374.5,411.5
375.5,411.5
376.5,411.5
376.5,410.5
377.5,410.5
378.5,410.5
375.5,398.5
376.5,398.5
376.5,397.5
377.5,397.5
377.5,396.5
378.5,396.5
376.5,362.5
377.5,362.5
378.5,362.5
378.5,361.5
379.5,361.5
379.5,360.5
380.5,360.5
377.5,368.5
378.5,368.5
379.5,368.5
379.5,367.5
380.5,367.5
381.5,367.5
381.5,366.5
378.5,396.5
379.5,396.5
379.5,395.5
380.5,395.5
381.5,395.5
381.5,394.5
382.5,394.5
382.5,393.5
383.5,393.5
384.5,393.5
384.5,392.5
384.5,391.5
385.5,391.5
378.5,410.5
378.5,409.5
378.5,408.5
379.5,408.5
379.5,408.5
380.5,408.5
380.5,407.5
381.5,407.5
381.5,406.5
382.5,406.5
383.5,406.5
383.5,405.5
384.5,405.5
384.5,404.5
385.5,404.5
386.5,404.5
380.5,360.5
381.5,360.5
381.5,359.5
382.5,359.5
383.5,359.5
383.5,358.5
384.5,358.5
381.5,366.5
382.5,366.5
383.5,366.5
383.5,365.5
384.5,365.5
385.5,365.5
383.5,350.5
384.5,350.5
385.5,350.5
385.5,349.5
386.5,349.5
384.5,358.5
385.5,358.5
386.5,358.5
386.5,357.5
387.5,357.5
387.5,356.5
388.5,356.5
388.5,357.5
389.5,357.5
389.5,356.5
390.5,356.5
385.5,365.5
386.5,365.5
386.5,364.5
387.5,364.5
388.5,364.5
385.5,391.5
386.5,391.5
386.5,390.5
387.5,390.5
386.5,344.5
387.5,344.5
388.5,344.5
389.5,344.5
390.5,344.5
391.5,344.5
391.5,343.5
392.5,343.5
392.5,344.5
393.5,344.5
394.5,344.5
395.5,344.5
396.5,344.5
397.5,344.5
398.5,344.5
386.5,349.5
386.5,350.5
387.5,350.5
388.5,350.5
389.5,350.5
390.5,350.5
386.5,404.5
386.5,403.5
387.5,403.5
387.5,402.5
388.5,402.5
388.5,401.5
387.5,390.5
388.5,390.5
388.5,389.5
389.5,389.5
389.5,388.5
390.5,388.5
391.5,388.5
391.5,387.5
392.5,387.5
392.5,386.5
388.5,364.5
388.5,363.5
389.5,363.5
389.5,362.5
390.5,362.5
391.5,362.5
391.5,361.5
388.5,401.5
389.5,401.5
389.5,400.5
390.5,400.5
391.5,400.5
390.5,350.5
390.5,351.5
390.5,352.5
390.5,353.5
390.5,354.5
390.5,355.5
390.5,356.5
390.5,350.5
391.5,350.5
392.5,350.5
392.5,349.5
393.5,349.5
393.5,350.5
394.5,350.5
395.5,350.5
395.5,349.5
396.5,349.5
397.5,349.5
397.5,350.5
398.5,350.5
398.5,349.5
391.5,361.5
392.5,361.5
392.5,362.5
393.5,362.5
393.5,361.5
394.5,361.5
394.5,360.5
395.5,360.5
395.5,359.5
396.5,359.5
397.5,359.5
397.5,358.5
398.5,358.5
391.5,400.5
392.5,400.5
392.5,399.5
392.5,398.5
393.5,398.5
394.5,398.5
394.5,397.5
395.5,397.5
392.5,386.5
393.5,386.5
394.5,386.5
395.5,386.5
395.5,385.5
396.5,385.5
396.5,384.5
397.5,384.5
398.5,384.5
398.5,383.5
399.5,383.5
400.5,383.5
400.5,382.5
401.5,382.5
401.5,381.5
394.5,282.5
395.5,282.5
396.5,282.5
395.5,397.5
396.5,397.5
396.5,396.5
397.5,396.5
397.5,395.5
398.5,395.5
398.5,394.5
399.5,394.5
400.5,394.5
401.5,394.5
396.5,282.5
397.5,282.5
398.5,282.5
399.5,282.5
400.5,282.5
401.5,282.5
402.5,282.5
403.5,282.5
398.5,344.5
398.5,343.5
399.5,343.5
399.5,342.5
400.5,342.5
401.5,342.5
398.5,349.5
399.5,349.5
400.5,349.5
401.5,349.5
401.5,350.5
402.5,350.5
398.5,358.5
399.5,358.5
399.5,357.5
400.5,357.5
401.5,357.5
401.5,356.5
402.5,356.5
402.5,355.5
402.5,354.5
402.5,353.5
401.5,353.5
401.5,352.5
402.5,352.5
402.5,351.5
402.5,350.5
401.5,342.5
402.5,342.5
403.5,342.5
403.5,341.5
404.5,341.5
401.5,381.5
402.5,381.5
402.5,380.5
403.5,380.5
404.5,380.5
404.5,379.5
405.5,379.5
406.5,379.5
406.5,378.5
407.5,378.5
407.5,377.5
408.5,377.5
401.5,394.5
401.5,393.5
402.5,393.5
402.5,392.5
403.5,392.5
403.5,391.5
404.5,391.5
404.5,390.5
405.5,390.5
405.5,389.5
406.5,389.5
407.5,389.5
407.5,388.5
408.5,388.5
408.5,387.5
409.5,387.5
410.5,387.5
410.5,386.5
402.5,350.5
403.5,350.5
404.5,350.5
405.5,350.5
403.5,282.5
404.5,282.5
405.5,282.5
405.5,283.5
406.5,283.5
407.5,283.5
404.5,341.5
405.5,341.5
406.5,341.5
406.5,340.5
407.5,340.5
408.5,340.5
409.5,340.5
410.5,340.5
405.5,350.5
406.5,350.5
406.5,349.5
407.5,349.5
407.5,350.5
408.5,350.5
408.5,349.5
409.5,349.5
410.5,349.5
411.5,349.5
407.5,283.5
408.5,283.5
408.5,284.5
408.5,284.5
409.5,284.5
409.5,283.5
410.5,283.5
411.5,283.5
412.5,283.5
413.5,283.5
414.5,283.5
415.5,283.5
416.5,283.5
417.5,283.5
418.5,283.5
419.5,283.5
408.5,377.5
409.5,377.5
409.5,377.5
409.5,376.5
410.5,376.5
411.5,376.5
411.5,375.5
412.5,375.5
412.5,374.5
413.5,374.5
414.5,374.5
414.5,373.5
415.5,373.5
415.5,372.5
416.5,372.5
416.5,371.5
417.5,371.5
418.5,371.5
418.5,370.5
419.5,370.5
420.5,370.5
420.5,369.5
421.5,369.5
421.5,368.5
422.5,368.5
410.5,340.5
411.5,340.5
412.5,340.5
413.5,340.5
414.5,340.5
415.5,340.5
416.5,340.5
417.5,340.5
418.5,340.5
419.5,340.5
420.5,340.5
421.5,340.5
422.5,340.5
423.5,340.5
424.5,340.5
425.5,340.5
426.5,340.5
427.5,340.5
410.5,386.5
411.5,386.5
412.5,386.5
411.5,349.5
412.5,349.5
413.5,349.5
413.5,348.5
414.5,348.5
415.5,348.5
416.5,348.5
417.5,348.5
418.5,348.5
419.5,348.5
419.5,347.5
420.5,347.5
421.5,347.5
422.5,347.5
423.5,347.5
424.5,347.5
425.5,347.5
426.5,347.5
427.5,347.5
428.5,347.5
428.5,346.5
429.5,346.5
430.5,346.5
431.5,346.5
432.5,346.5
433.5,346.5
434.5,346.5
412.5,386.5
412.5,385.5
413.5,385.5
413.5,384.5
414.5,384.5
414.5,383.5
415.5,383.5
415.5,382.5
416.5,382.5
417.5,382.5
417.5,381.5
418.5,381.5
418.5,380.5
419.5,380.5
419.5,379.5
420.5,379.5
421.5,379.5
421.5,378.5
422.5,378.5
422.5,377.5
423.5,377.5
423.5,376.5
419.5,283.5
420.5,283.5
421.5,283.5
422.5,283.5
423.5,283.5
422.5,368.5
423.5,368.5
423.5,367.5
424.5,367.5
424.5,366.5
425.5,366.5
426.5,366.5
426.5,365.5
427.5,365.5
427.5,364.5
428.5,364.5
429.5,364.5
429.5,363.5
430.5,363.5
430.5,362.5
431.5,362.5
432.5,362.5
432.5,361.5
433.5,361.5
423.5,376.5
424.5,376.5
425.5,376.5
425.5,375.5
426.5,375.5
426.5,374.5
427.5,374.5
427.5,340.5
428.5,340.5
429.5,340.5
430.5,340.5
431.5,340.5
432.5,340.5
433.5,340.5
427.5,374.5
428.5,374.5
428.5,373.5
429.5,373.5
429.5,372.5
430.5,372.5
430.5,371.5
431.5,371.5
432.5,371.5
432.5,370.5
433.5,370.5
433.5,340.5
433.5,341.5
434.5,341.5
433.5,361.5
434.5,361.5
434.5,360.5
435.5,360.5
435.5,359.5
436.5,359.5
437.5,359.5
437.5,358.5
438.5,358.5
439.5,358.5
433.5,370.5
434.5,370.5
434.5,369.5
434.5,368.5
434.5,341.5
434.5,342.5
434.5,343.5
434.5,344.5
434.5,345.5
434.5,346.5
434.5,368.5
435.5,368.5
435.5,367.5
436.5,367.5
437.5,367.5
437.5,366.5
438.5,366.5
439.5,366.5
439.5,365.5
440.5,365.5
439.5,358.5
439.5,357.5
440.5,357.5
440.5,356.5
440.5,356.5
441.5,356.5
441.5,355.5
442.5,355.5
443.5,355.5
443.5,354.5
444.5,354.5
445.5,354.5
445.5,353.5
446.5,353.5
440.5,364.5
440.5,365.5
440.5,364.5
441.5,364.5
441.5,363.5
442.5,363.5
443.5,363.5
443.5,362.5
444.5,362.5
444.5,362.5
445.5,362.5
445.5,361.5
446.5,361.5
446.5,360.5
446.5,359.5
447.5,359.5
447.5,358.5
446.5,353.5
447.5,353.5
447.5,352.5
448.5,352.5
448.5,351.5
449.5,351.5
449.5,350.5
450.5,350.5
447.5,358.5
448.5,358.5
449.5,358.5
450.5,358.5
450.5,357.5
451.5,357.5
452.5,357.5
452.5,356.5
453.5,356.5
454.5,356.5
454.5,355.5
455.5,355.5
455.5,354.5
456.5,354.5
456.5,353.5
457.5,353.5
457.5,352.5
458.5,352.5
450.5,350.5
451.5,350.5
451.5,349.5
452.5,349.5
452.5,348.5
453.5,348.5
451.5,284.5
451.5,285.5
452.5,285.5
452.5,286.5
453.5,286.5
453.5,287.5
454.5,287.5
455.5,287.5
456.5,287.5
457.5,287.5
458.5,287.5
459.5,287.5
460.5,287.5
460.5,286.5
453.5,348.5
454.5,348.5
454.5,347.5
455.5,347.5
455.5,346.5
456.5,346.5
456.5,345.5
457.5,345.5
458.5,345.5
459.5,345.5
459.5,344.5
460.5,344.5
458.5,352.5
459.5,352.5
459.5,351.5
460.5,351.5
460.5,350.5
461.5,350.5
460.5,286.5
461.5,286.5
461.5,287.5
462.5,287.5
463.5,287.5
464.5,287.5
465.5,287.5
466.5,287.5
467.5,287.5
468.5,287.5
469.5,287.5
469.5,288.5
470.5,288.5
460.5,344.5
461.5,344.5
461.5,343.5
461.5,342.5
462.5,342.5
463.5,342.5
463.5,341.5
464.5,341.5
464.5,340.5
465.5,340.5
466.5,340.5
466.5,339.5
467.5,339.5
468.5,339.5
468.5,338.5
469.5,338.5
461.5,350.5
462.5,350.5
462.5,349.5
463.5,349.5
463.5,348.5
464.5,348.5
465.5,348.5
465.5,347.5
466.5,347.5
466.5,347.5
466.5,346.5
467.5,346.5
467.5,345.5
468.5,345.5
468.5,344.5
469.5,344.5
470.5,344.5
470.5,343.5
470.5,342.5
469.5,338.5
470.5,338.5
470.5,337.5
470.5,336.5
471.5,336.5
472.5,336.5
472.5,335.5
473.5,335.5
473.5,334.5
474.5,334.5
470.5,287.5
470.5,288.5
470.5,287.5
471.5,287.5
472.5,287.5
472.5,288.5
473.5,288.5
474.5,288.5
475.5,288.5
476.5,288.5
477.5,288.5
478.5,288.5
479.5,288.5
480.5,288.5
480.5,287.5
481.5,287.5
470.5,342.5
471.5,342.5
472.5,342.5
472.5,342.5
473.5,342.5
473.5,341.5
474.5,341.5
474.5,340.5
474.5,339.5
475.5,339.5
475.5,338.5
474.5,334.5
475.5,334.5
475.5,333.5
476.5,333.5
476.5,332.5
477.5,332.5
478.5,332.5
478.5,331.5
479.5,331.5
479.5,330.5
480.5,330.5
480.5,329.5
481.5,329.5
481.5,328.5
482.5,328.5
475.5,338.5
476.5,338.5
477.5,338.5
478.5,338.5
478.5,337.5
479.5,337.5
479.5,336.5
480.5,336.5
481.5,336.5
481.5,336.5
481.5,335.5
482.5,335.5
482.5,334.5
483.5,334.5
483.5,333.5
484.5,333.5
484.5,332.5
482.5,328.5
483.5,328.5
483.5,328.5
483.5,327.5
484.5,327.5
484.5,326.5
485.5,326.5
486.5,326.5
486.5,325.5
487.5,325.5
488.5,325.5
488.5,324.5
489.5,324.5
489.5,323.5
490.5,323.5
491.5,323.5
484.5,332.5
485.5,332.5
486.5,332.5
486.5,331.5
487.5,331.5
487.5,330.5
488.5,330.5
489.5,330.5
489.5,329.5
490.5,329.5
490.5,328.5
491.5,328.5
491.5,327.5
492.5,327.5
492.5,326.5
492.5,283.5
493.5,283.5
494.5,283.5
495.5,283.5
495.5,282.5
496.5,282.5
496.5,281.5
497.5,281.5
498.5,281.5
498.5,280.5
499.5,280.5
492.5,326.5
493.5,326.5
494.5,326.5
494.5,325.5
495.5,325.5
493.5,598.5
493.5,597.5
493.5,596.5
493.5,595.5
494.5,595.5
494.5,594.5
494.5,593.5
495.5,593.5
495.5,592.5
496.5,592.5
496.5,591.5
496.5,590.5
496.5,589.5
497.5,589.5
497.5,588.5
498.5,588.5
498.5,587.5
498.5,586.5
498.5,585.5
498.5,584.5
499.5,280.5
500.5,280.5
500.5,279.5
501.5,279.5
499.5,583.5
500.5,583.5
500.5,584.5
501.5,584.5
501.5,583.5
502.5,583.5
502.5,582.5
503.5,582.5
503.5,581.5
504.5,581.5
505.5,581.5
506.5,581.5
507.5,581.5
507.5,580.5
508.5,580.5
509.5,580.5
509.5,580.5
509.5,579.5
510.5,579.5
510.5,578.5
511.5,578.5
512.5,578.5
513.5,578.5
513.5,577.5
513.5,577.5
514.5,577.5
514.5,578.5
515.5,578.5
515.5,577.5
516.5,577.5
517.5,577.5
518.5,577.5
518.5,577.5
518.5,576.5
519.5,576.5
520.5,576.5
520.5,575.5
521.5,575.5
522.5,575.5
522.5,575.5
523.5,575.5
523.5,574.5
523.5,574.5
524.5,574.5
525.5,574.5
526.5,574.5
527.5,574.5
527.5,573.5
528.5,573.5
528.5,573.5
528.5,574.5
528.5,574.5
529.5,574.5
530.5,574.5
530.5,573.5
531.5,573.5
532.5,573.5
532.5,573.5
532.5,572.5
533.5,572.5
534.5,572.5
534.5,571.5
535.5,571.5
535.5,570.5
536.5,570.5
537.5,570.5
537.5,569.5
538.5,569.5
539.5,569.5
539.5,568.5
540.5,568.5
540.5,569.5
541.5,569.5
541.5,568.5
542.5,568.5
542.5,567.5
543.5,567.5
544.5,567.5
540.5,540.5
540.5,539.5
541.5,539.5
541.5,538.5
541.5,537.5
541.5,536.5
540.5,540.5
540.5,541.5
540.5,542.5
541.5,542.5
541.5,543.5
541.5,544.5
541.5,545.5
541.5,546.5
541.5,547.5
542.5,547.5
542.5,548.5
542.5,549.5
542.5,550.5
543.5,550.5
543.5,551.5
544.5,551.5
544.5,552.5
544.5,553.5
544.5,554.5
544.5,555.5
541.5,536.5
541.5,535.5
541.5,534.5
542.5,534.5
542.5,533.5
543.5,533.5
543.5,532.5
544.5,532.5
544.5,531.5
544.5,530.5
544.5,530.5
544.5,529.5
545.5,529.5
545.5,528.5
546.5,528.5
546.5,527.5
546.5,526.5
547.5,526.5
547.5,525.5
548.5,525.5
548.5,524.5
548.5,523.5
549.5,523.5
549.5,522.5
549.5,521.5
544.5,555.5
544.5,556.5
544.5,557.5
544.5,558.5
543.5,558.5
543.5,559.5
544.5,559.5
544.5,560.5
544.5,561.5
545.5,561.5
545.5,562.5
545.5,563.5
545.5,564.5
544.5,564.5
544.5,565.5
544.5,566.5
544.5,567.5
549.5,521.5
550.5,521.5
551.5,521.5
551.5,520.5
552.5,520.5
552.5,519.5
553.5,519.5
554.5,519.5
554.5,518.5
555.5,518.5
556.5,518.5
556.5,517.5
557.5,517.5
557.5,516.5
558.5,516.5
559.5,516.5
560.5,516.5
560.5,469.5
560.5,468.5
560.5,467.5
560.5,466.5
561.5,466.5
561.5,465.5
562.5,465.5
562.5,464.5
562.5,463.5
562.5,462.5
563.5,462.5
563.5,461.5
564.5,461.5
564.5,460.5
565.5,460.5
565.5,459.5
566.5,459.5
567.5,459.5
567.5,458.5
560.5,469.5
560.5,470.5
561.5,470.5
560.5,516.5
561.5,516.5
561.5,515.5
562.5,515.5
561.5,470.5
562.5,470.5
562.5,471.5
563.5,471.5
563.5,472.5
564.5,472.5
565.5,472.5
565.5,471.5
566.5,471.5
567.5,471.5
568.5,471.5
569.5,471.5
570.5,471.5
570.5,472.5
571.5,472.5
572.5,472.5
572.5,473.5
573.5,473.5
574.5,473.5
574.5,472.5
575.5,472.5
575.5,471.5
576.5,471.5
576.5,472.5
577.5,472.5
578.5,472.5
579.5,472.5
580.5,472.5
581.5,472.5
582.5,472.5
583.5,472.5
583.5,473.5
584.5,473.5
562.5,515.5
562.5,516.5
563.5,516.5
563.5,516.5
564.5,516.5
564.5,515.5
565.5,515.5
566.5,515.5
566.5,515.5
567.5,515.5
568.5,515.5
568.5,514.5
569.5,514.5
569.5,513.5
569.5,512.5
568.5,512.5
568.5,511.5
569.5,511.5
569.5,510.5
568.5,510.5
568.5,509.5
568.5,508.5
568.5,507.5
569.5,507.5
569.5,506.5
570.5,506.5
570.5,505.5
570.5,504.5
570.5,503.5
571.5,503.5
571.5,502.5
572.5,502.5
572.5,501.5
573.5,501.5
573.5,500.5
567.5,458.5
568.5,458.5
568.5,457.5
568.5,456.5
569.5,456.5
569.5,455.5
570.5,455.5
570.5,454.5
571.5,454.5
572.5,454.5
572.5,453.5
572.5,453.5
572.5,452.5
573.5,452.5
573.5,451.5
574.5,451.5
574.5,450.5
573.5,450.5
573.5,449.5
574.5,449.5
574.5,448.5
574.5,447.5
574.5,446.5
573.5,500.5
573.5,499.5
574.5,499.5
575.5,499.5
576.5,499.5
577.5,499.5
577.5,498.5
578.5,498.5
578.5,497.5
579.5,497.5
579.5,496.5
580.5,496.5
581.5,496.5
574.5,446.5
575.5,446.5
576.5,446.5
576.5,445.5
576.5,444.5
576.5,444.5
577.5,444.5
577.5,443.5
578.5,443.5
579.5,443.5
580.5,443.5
581.5,443.5
582.5,443.5
582.5,442.5
581.5,496.5
581.5,495.5
582.5,495.5
583.5,495.5
583.5,494.5
584.5,494.5
584.5,493.5
585.5,493.5
586.5,493.5
586.5,492.5
587.5,492.5
587.5,491.5
587.5,490.5
582.5,442.5
583.5,442.5
584.5,442.5
585.5,442.5
585.5,441.5
584.5,473.5
585.5,473.5
585.5,474.5
586.5,474.5
587.5,474.5
587.5,475.5
587.5,476.5
587.5,477.5
587.5,478.5
587.5,479.5
587.5,480.5
586.5,480.5
586.5,481.5
586.5,482.5
586.5,483.5
586.5,484.5
586.5,485.5
586.5,486.5
586.5,487.5
586.5,488.5
587.5,488.5
587.5,489.5
585.5,441.5
586.5,441.5
586.5,442.5
586.5,442.5
587.5,442.5
588.5,442.5
589.5,442.5
590.5,442.5
591.5,442.5
591.5,441.5
592.5,441.5
587.5,489.5
587.5,490.5
592.5,441.5
592.5,442.5
593.5,442.5
593.5,441.5
594.5,441.5
594.5,441.5
594.5,442.5
595.5,442.5
596.5,442.5
597.5,442.5
598.5,442.5
599.5,442.5
600.5,442.5
601.5,442.5
602.5,442.5
602.5,442.5
603.5,442.5
604.5,442.5
605.5,442.5
606.5,442.5
606.5,443.5
607.5,443.5
608.5,443.5
608.5,442.5
609.5,442.5
610.5,442.5
611.5,442.5
611.5,442.5
612.5,442.5
613.5,442.5
613.5,443.5
614.5,443.5
614.5,444.5
615.5,444.5
616.5,444.5
617.5,444.5
618.5,444.5
618.5,444.5
619.5,444.5
620.5,444.5
620.5,443.5
621.5,443.5
621.5,443.5
622.5,443.5
623.5,443.5
624.5,443.5
624.5,443.5
625.5,443.5
625.5,444.5
626.5,444.5
626.5,445.5
626.5,445.5
627.5,445.5
628.5,445.5
628.5,444.5
629.5,444.5
630.5,444.5
631.5,444.5
632.5,444.5
633.5,444.5
633.5,445.5
634.5,445.5
635.5,445.5
636.5,445.5
636.5,444.5
637.5,444.5
628.5,290.5
629.5,290.5
630.5,290.5
631.5,290.5
632.5,290.5
632.5,291.5
633.5,291.5
634.5,291.5
635.5,291.5
634.5,296.5
635.5,296.5
635.5,297.5
636.5,297.5
636.5,298.5
637.5,298.5
637.5,299.5
638.5,299.5
634.5,306.5
634.5,305.5
635.5,305.5
635.5,304.5
636.5,304.5
636.5,303.5
636.5,302.5
634.5,306.5
634.5,307.5
634.5,308.5
635.5,308.5
635.5,309.5
636.5,309.5
636.5,310.5
635.5,290.5
635.5,291.5
635.5,290.5
636.5,290.5
637.5,290.5
638.5,290.5
639.5,290.5
640.5,290.5
641.5,290.5
642.5,290.5
643.5,290.5
644.5,290.5
645.5,290.5
646.5,290.5
647.5,290.5
648.5,290.5
649.5,290.5
650.5,290.5
651.5,290.5
636.5,302.5
636.5,301.5
637.5,301.5
637.5,300.5
638.5,300.5
638.5,299.5
636.5,310.5
637.5,310.5
638.5,310.5
638.5,311.5
639.5,311.5
637.5,444.5
637.5,443.5
637.5,442.5
638.5,442.5
638.5,443.5
639.5,443.5
639.5,442.5
640.5,442.5
641.5,442.5
642.5,442.5
639.5,311.5
640.5,311.5
640.5,312.5
641.5,312.5
642.5,312.5
642.5,313.5
643.5,313.5
642.5,442.5
642.5,441.5
643.5,441.5
643.5,440.5
644.5,440.5
645.5,440.5
645.5,439.5
646.5,439.5
646.5,438.5
643.5,313.5
644.5,313.5
644.5,314.5
645.5,314.5
646.5,314.5
646.5,315.5
647.5,315.5
646.5,438.5
647.5,438.5
648.5,438.5
649.5,438.5
650.5,438.5
651.5,438.5
652.5,438.5
653.5,438.5
653.5,437.5
654.5,437.5
647.5,315.5
648.5,315.5
648.5,316.5
649.5,316.5
650.5,316.5
650.5,317.5
651.5,317.5
652.5,317.5
651.5,290.5
652.5,290.5
653.5,290.5
654.5,290.5
655.5,290.5
656.5,290.5
657.5,290.5
658.5,290.5
659.5,290.5
652.5,317.5
652.5,318.5
653.5,318.5
653.5,319.5
654.5,319.5
655.5,319.5
655.5,320.5
656.5,320.5
654.5,437.5
655.5,437.5
655.5,438.5
656.5,438.5
656.5,439.5
657.5,439.5
657.5,440.5
658.5,440.5
659.5,440.5
659.5,441.5
660.5,441.5
661.5,441.5
662.5,441.5
663.5,441.5
656.5,320.5
657.5,320.5
657.5,321.5
658.5,321.5
659.5,321.5
659.5,322.5
660.5,322.5
661.5,322.5
662.5,322.5
663.5,441.5
664.5,441.5
664.5,442.5
664.5,442.5
665.5,442.5
666.5,442.5
666.5,443.5
667.5,443.5
667.5,444.5
667.5,444.5
668.5,444.5
669.5,444.5
670.5,444.5
671.5,444.5
672.5,444.5
673.5,444.5
674.5,444.5
674.5,443.5
675.5,443.5
675.5,444.5
676.5,444.5
677.5,444.5
678.5,444.5
679.5,444.5
679.5,443.5
680.5,443.5
680.5,442.5
681.5,442.5
682.5,442.5
683.5,442.5
683.5,441.5
684.5,441.5
685.5,441.5
685.5,440.5
686.5,440.5
686.5,439.5
687.5,439.5
688.5,439.5
688.5,439.5
688.5,440.5
689.5,440.5
690.5,440.5
690.5,439.5
691.5,439.5
692.5,439.5
693.5,439.5
694.5,439.5
694.5,440.5
695.5,440.5
695.5,439.5
696.5,439.5
696.5,440.5
697.5,440.5
697.5,439.5
698.5,439.5
698.5,440.5
699.5,440.5
696.5,422.5
696.5,421.5
697.5,421.5
697.5,420.5
698.5,420.5
696.5,422.5
696.5,423.5
697.5,423.5
697.5,424.5
696.5,424.5
696.5,425.5
696.5,426.5
696.5,427.5
697.5,427.5
697.5,428.5
697.5,428.5
698.5,428.5
699.5,428.5
699.5,429.5
700.5,429.5
700.5,430.5
701.5,430.5
701.5,431.5
702.5,431.5
702.5,432.5
703.5,432.5
703.5,433.5
704.5,433.5
704.5,434.5
698.5,420.5
698.5,419.5
698.5,418.5
698.5,417.5
699.5,417.5
699.5,416.5
700.5,416.5
700.5,415.5
701.5,415.5
701.5,414.5
701.5,413.5
702.5,413.5
702.5,412.5
703.5,412.5
703.5,411.5
704.5,411.5
699.5,440.5
700.5,440.5
701.5,440.5
702.5,440.5
702.5,439.5
703.5,439.5
704.5,439.5
702.5,408.5
702.5,409.5
703.5,409.5
703.5,410.5
704.5,410.5
704.5,411.5
704.5,411.5
705.5,411.5
706.5,411.5
706.5,410.5
707.5,410.5
708.5,410.5
709.5,410.5
710.5,410.5
711.5,410.5
712.5,410.5
704.5,434.5
704.5,435.5
704.5,436.5
703.5,436.5
703.5,437.5
704.5,437.5
704.5,438.5
704.5,439.5
712.5,410.5
712.5,411.5
713.5,411.5
713.5,412.5
713.5,413.5
714.5,413.5
714.5,414.5
715.5,414.5
715.5,415.5
715.5,416.5
715.5,416.5
716.5,416.5
716.5,415.5
717.5,415.5
717.5,415.5
718.5,415.5
719.5,415.5
719.5,416.5
720.5,416.5
720.5,417.5
721.5,417.5
722.5,417.5
722.5,417.5
722.5,418.5
722.5,419.5
722.5,420.5
722.5,421.5
723.5,421.5
723.5,422.5
722.5,422.5
722.5,423.5
722.5,423.5
723.5,423.5
724.5,423.5
724.5,424.5
725.5,424.5
725.5,425.5
726.5,425.5
726.5,426.5
727.5,426.5
728.5,426.5
728.5,426.5
728.5,427.5
729.5,427.5
730.5,427.5
730.5,428.5
731.5,428.5
731.5,429.5
731.5,429.5
732.5,429.5
732.5,428.5
733.5,428.5
734.5,428.5
735.5,428.5
736.5,428.5
736.5,429.5
737.5,429.5
737.5,429.5
737.5,428.5
738.5,428.5
738.5,427.5
739.5,427.5
739.5,426.5
739.5,425.5
739.5,424.5
740.5,424.5
740.5,423.5
740.5,422.5
740.5,421.5
741.5,421.5
741.5,420.5
742.5,420.5
742.5,419.5
743.5,419.5
743.5,418.5
744.5,418.5
744.5,417.5
737.5,429.5
738.5,429.5
738.5,430.5
744.5,417.5
744.5,416.5
745.5,416.5
746.5,416.5
747.5,416.5
748.5,416.5
748.5,415.5
749.5,415.5
750.5,415.5
751.5,415.5
752.5,415.5
753.5,415.5
754.5,415.5
754.5,416.5
755.5,416.5
756.5,416.5
757.5,416.5
757.5,417.5
758.5,417.5
759.5,417.5
759.5,416.5
760.5,416.5
760.5,416.5
761.5,416.5
762.5,416.5
763.5,416.5
763.5,417.5
764.5,417.5
764.5,417.5
764.5,416.5
765.5,416.5
766.5,416.5
767.5,416.5
767.5,415.5
768.5,415.5
768.5,414.5
768.5,413.5
768.5,412.5
768.5,411.5
768.5,410.5
768.5,409.5
769.5,409.5
769.5,408.5
769.5,407.5
769.5,406.5
770.5,406.5
770.5,405.5
770.5,404.5
770.5,403.5
771.5,403.5
771.5,402.5
772.5,402.5
773.5,402.5
774.5,402.5
774.5,401.5
775.5,401.5
775.5,400.5
776.5,400.5
776.5,400.5
777.5,400.5
778.5,400.5
779.5,400.5
779.5,401.5
780.5,401.5
780.5,402.5
781.5,402.5
782.5,402.5
782.5,402.5
783.5,402.5
783.5,403.5
784.5,403.5
785.5,403.5
786.5,403.5
787.5,403.5
787.5,403.5
788.5,403.5
789.5,403.5
790.5,403.5
790.5,404.5
791.5,404.5
792.5,404.5
792.5,405.5
793.5,405.5
794.5,405.5
795.5,405.5
796.5,405.5
796.5,406.5
797.5,406.5
798.5,406.5
