x, y, label1.5,248.5,0
2.5,248.5,0
3.5,248.5,0
4.5,248.5,0
5.5,248.5,0
6.5,248.5,0
6.5,247.5,0
7.5,247.5,0
8.5,247.5,0
9.5,247.5,0
10.5,247.5,0
11.5,247.5,0
12.5,247.5,0
13.5,247.5,0
13.5,246.5,0
1.5,313.5,1
2.5,313.5,1
2.5,312.5,1
3.5,312.5,1
1.5,376.5,2
1.5,377.5,2
2.5,377.5,2
3.5,377.5,2
4.5,377.5,2
1.5,443.5,3
2.5,443.5,3
3.5,443.5,3
4.5,443.5,3
4.5,442.5,3
3.5,312.5,4
4.5,312.5,4
4.5,311.5,4
5.5,311.5,4
6.5,311.5,4
7.5,311.5,4
8.5,311.5,4
9.5,311.5,4
4.5,377.5,5
5.5,377.5,5
5.5,376.5,5
6.5,376.5,5
7.5,376.5,5
8.5,376.5,5
9.5,376.5,5
9.5,375.5,5
10.5,375.5,5
11.5,375.5,5
12.5,375.5,5
12.5,374.5,5
13.5,374.5,5
14.5,374.5,5
4.5,442.5,6
5.5,442.5,6
6.5,442.5,6
7.5,442.5,6
7.5,441.5,6
8.5,441.5,6
9.5,441.5,6
10.5,441.5,6
10.5,440.5,6
11.5,440.5,6
12.5,440.5,6
12.5,439.5,6
13.5,439.5,6
14.5,439.5,6
15.5,439.5,6
16.5,439.5,6
16.5,438.5,6
17.5,438.5,6
18.5,438.5,6
18.5,437.5,6
19.5,437.5,6
9.5,311.5,7
10.5,311.5,7
11.5,311.5,7
12.5,311.5,7
13.5,311.5,7
14.5,311.5,7
15.5,311.5,7
13.5,246.5,8
14.5,246.5,8
15.5,246.5,8
16.5,246.5,8
17.5,246.5,8
17.5,245.5,8
18.5,245.5,8
19.5,245.5,8
20.5,245.5,8
21.5,245.5,8
14.5,374.5,9
15.5,374.5,9
16.5,374.5,9
17.5,374.5,9
17.5,373.5,9
18.5,373.5,9
19.5,373.5,9
15.5,311.5,10
16.5,311.5,10
17.5,311.5,10
17.5,310.5,10
18.5,310.5,10
19.5,310.5,10
20.5,310.5,10
21.5,310.5,10
21.5,309.5,10
19.5,373.5,11
20.5,373.5,11
20.5,372.5,11
21.5,372.5,11
22.5,372.5,11
22.5,373.5,11
19.5,437.5,12
20.5,437.5,12
21.5,437.5,12
21.5,436.5,12
22.5,436.5,12
21.5,245.5,13
22.5,245.5,13
22.5,244.5,13
21.5,309.5,14
22.5,309.5,14
22.5,310.5,14
23.5,310.5,14
23.5,309.5,14
24.5,309.5,14
25.5,309.5,14
25.5,310.5,14
22.5,244.5,15
23.5,244.5,15
24.5,244.5,15
25.5,244.5,15
26.5,244.5,15
22.5,373.5,16
23.5,373.5,16
23.5,372.5,16
24.5,372.5,16
24.5,371.5,16
25.5,371.5,16
26.5,371.5,16
26.5,370.5,16
22.5,436.5,17
23.5,436.5,17
23.5,435.5,17
24.5,435.5,17
25.5,435.5,17
25.5,434.5,17
26.5,434.5,17
27.5,434.5,17
28.5,434.5,17
28.5,433.5,17
29.5,433.5,17
25.5,310.5,18
26.5,310.5,18
26.5,309.5,18
27.5,309.5,18
28.5,309.5,18
28.5,308.5,18
29.5,308.5,18
30.5,308.5,18
31.5,308.5,18
32.5,308.5,18
33.5,308.5,18
34.5,308.5,18
35.5,308.5,18
36.5,308.5,18
37.5,308.5,18
26.5,244.5,19
27.5,244.5,19
27.5,243.5,19
28.5,243.5,19
29.5,243.5,19
30.5,243.5,19
31.5,243.5,19
32.5,243.5,19
33.5,243.5,19
26.5,370.5,20
27.5,370.5,20
28.5,370.5,20
29.5,370.5,20
30.5,370.5,20
31.5,370.5,20
32.5,370.5,20
32.5,369.5,20
33.5,369.5,20
33.5,368.5,20
29.5,433.5,21
30.5,433.5,21
31.5,433.5,21
32.5,433.5,21
32.5,432.5,21
33.5,432.5,21
34.5,432.5,21
35.5,432.5,21
36.5,432.5,21
37.5,432.5,21
38.5,432.5,21
38.5,431.5,21
39.5,431.5,21
40.5,431.5,21
41.5,431.5,21
33.5,243.5,22
34.5,243.5,22
35.5,243.5,22
36.5,243.5,22
37.5,243.5,22
37.5,242.5,22
38.5,242.5,22
39.5,242.5,22
40.5,242.5,22
40.5,241.5,22
33.5,368.5,23
34.5,368.5,23
35.5,368.5,23
36.5,368.5,23
37.5,368.5,23
37.5,367.5,23
38.5,367.5,23
37.5,308.5,24
37.5,307.5,24
38.5,307.5,24
39.5,307.5,24
40.5,307.5,24
41.5,307.5,24
42.5,307.5,24
43.5,307.5,24
44.5,307.5,24
45.5,307.5,24
45.5,306.5,24
46.5,306.5,24
47.5,306.5,24
48.5,306.5,24
38.5,367.5,25
39.5,367.5,25
40.5,367.5,25
40.5,366.5,25
41.5,366.5,25
41.5,365.5,25
40.5,241.5,26
41.5,241.5,26
41.5,242.5,26
42.5,242.5,26
42.5,241.5,26
43.5,241.5,26
41.5,365.5,27
42.5,365.5,27
42.5,366.5,27
43.5,366.5,27
44.5,366.5,27
44.5,365.5,27
45.5,365.5,27
41.5,431.5,28
42.5,431.5,28
42.5,430.5,28
43.5,430.5,28
43.5,429.5,28
44.5,429.5,28
44.5,428.5,28
43.5,241.5,29
44.5,241.5,29
45.5,241.5,29
46.5,241.5,29
47.5,241.5,29
47.5,242.5,29
44.5,428.5,30
45.5,428.5,30
46.5,428.5,30
47.5,428.5,30
47.5,427.5,30
48.5,427.5,30
48.5,426.5,30
49.5,426.5,30
49.5,427.5,30
50.5,427.5,30
51.5,427.5,30
52.5,427.5,30
53.5,427.5,30
54.5,427.5,30
54.5,426.5,30
55.5,426.5,30
55.5,427.5,30
45.5,365.5,31
46.5,365.5,31
46.5,364.5,31
46.5,364.5,32
47.5,364.5,32
48.5,364.5,32
48.5,363.5,32
49.5,363.5,32
50.5,363.5,32
47.5,242.5,33
48.5,242.5,33
48.5,241.5,33
49.5,241.5,33
49.5,240.5,33
50.5,240.5,33
51.5,240.5,33
52.5,240.5,33
53.5,240.5,33
54.5,240.5,33
54.5,239.5,33
55.5,239.5,33
56.5,239.5,33
57.5,239.5,33
58.5,239.5,33
59.5,239.5,33
60.5,239.5,33
60.5,238.5,33
61.5,238.5,33
48.5,306.5,34
49.5,306.5,34
50.5,306.5,34
51.5,306.5,34
51.5,305.5,34
52.5,305.5,34
53.5,305.5,34
53.5,304.5,34
50.5,363.5,35
51.5,363.5,35
52.5,363.5,35
52.5,362.5,35
53.5,362.5,35
53.5,361.5,35
54.5,361.5,35
55.5,361.5,35
56.5,361.5,35
53.5,304.5,36
54.5,304.5,36
54.5,305.5,36
55.5,305.5,36
56.5,305.5,36
56.5,304.5,36
57.5,304.5,36
57.5,305.5,36
58.5,305.5,36
59.5,305.5,36
60.5,305.5,36
55.5,427.5,37
56.5,427.5,37
56.5,426.5,37
57.5,426.5,37
58.5,426.5,37
58.5,425.5,37
59.5,425.5,37
59.5,424.5,37
60.5,424.5,37
60.5,423.5,37
61.5,423.5,37
62.5,423.5,37
62.5,422.5,37
63.5,422.5,37
63.5,421.5,37
64.5,421.5,37
64.5,422.5,37
65.5,422.5,37
65.5,421.5,37
66.5,421.5,37
66.5,420.5,37
67.5,420.5,37
68.5,420.5,37
69.5,420.5,37
70.5,420.5,37
70.5,419.5,37
71.5,419.5,37
72.5,419.5,37
72.5,418.5,37
56.5,361.5,38
57.5,361.5,38
57.5,360.5,38
58.5,360.5,38
59.5,360.5,38
60.5,360.5,38
60.5,359.5,38
61.5,359.5,38
62.5,359.5,38
60.5,305.5,39
60.5,304.5,39
61.5,304.5,39
62.5,304.5,39
63.5,304.5,39
61.5,238.5,40
62.5,238.5,40
62.5,237.5,40
63.5,237.5,40
64.5,237.5,40
65.5,237.5,40
62.5,359.5,41
63.5,359.5,41
64.5,359.5,41
64.5,358.5,41
65.5,358.5,41
66.5,358.5,41
66.5,357.5,41
67.5,357.5,41
68.5,357.5,41
63.5,304.5,42
64.5,304.5,42
64.5,303.5,42
65.5,303.5,42
65.5,304.5,42
66.5,304.5,42
67.5,304.5,42
67.5,303.5,42
68.5,303.5,42
68.5,304.5,42
65.5,237.5,43
66.5,237.5,43
66.5,238.5,43
67.5,238.5,43
68.5,238.5,43
68.5,237.5,43
69.5,237.5,43
69.5,236.5,43
70.5,236.5,43
68.5,304.5,44
69.5,304.5,44
69.5,303.5,44
70.5,303.5,44
71.5,303.5,44
72.5,303.5,44
73.5,303.5,44
74.5,303.5,44
74.5,302.5,44
75.5,302.5,44
76.5,302.5,44
77.5,302.5,44
78.5,302.5,44
79.5,302.5,44
80.5,302.5,44
80.5,301.5,44
81.5,301.5,44
82.5,301.5,44
68.5,357.5,45
69.5,357.5,45
69.5,356.5,45
70.5,356.5,45
71.5,356.5,45
72.5,356.5,45
72.5,355.5,45
73.5,355.5,45
74.5,355.5,45
75.5,355.5,45
75.5,354.5,45
76.5,354.5,45
77.5,354.5,45
77.5,353.5,45
70.5,236.5,46
70.5,237.5,46
71.5,237.5,46
72.5,237.5,46
73.5,237.5,46
74.5,237.5,46
74.5,236.5,46
75.5,236.5,46
76.5,236.5,46
77.5,236.5,46
77.5,235.5,46
78.5,235.5,46
79.5,235.5,46
80.5,235.5,46
72.5,418.5,47
73.5,418.5,47
73.5,419.5,47
74.5,419.5,47
75.5,419.5,47
76.5,419.5,47
76.5,418.5,47
77.5,418.5,47
77.5,417.5,47
78.5,417.5,47
79.5,417.5,47
80.5,417.5,47
80.5,416.5,47
81.5,416.5,47
82.5,416.5,47
82.5,415.5,47
83.5,415.5,47
84.5,415.5,47
77.5,353.5,48
78.5,353.5,48
78.5,354.5,48
79.5,354.5,48
79.5,354.5,49
79.5,353.5,49
80.5,353.5,49
80.5,352.5,49
81.5,352.5,49
82.5,352.5,49
83.5,352.5,49
83.5,351.5,49
84.5,351.5,49
85.5,351.5,49
86.5,351.5,49
80.5,235.5,50
81.5,235.5,50
81.5,236.5,50
82.5,236.5,50
82.5,236.5,51
82.5,235.5,51
83.5,235.5,51
84.5,235.5,51
85.5,235.5,51
86.5,235.5,51
87.5,235.5,51
88.5,235.5,51
88.5,234.5,51
89.5,234.5,51
89.5,235.5,51
90.5,235.5,51
82.5,301.5,52
83.5,301.5,52
84.5,301.5,52
85.5,301.5,52
85.5,300.5,52
86.5,300.5,52
87.5,300.5,52
84.5,415.5,53
85.5,415.5,53
86.5,415.5,53
86.5,351.5,54
87.5,351.5,54
88.5,351.5,54
88.5,350.5,54
89.5,350.5,54
89.5,349.5,54
86.5,415.5,55
86.5,414.5,55
87.5,414.5,55
88.5,414.5,55
88.5,413.5,55
89.5,413.5,55
90.5,413.5,55
91.5,413.5,55
91.5,412.5,55
92.5,412.5,55
87.5,300.5,56
87.5,299.5,56
88.5,299.5,56
88.5,298.5,56
89.5,298.5,56
90.5,298.5,56
91.5,298.5,56
91.5,297.5,56
92.5,297.5,56
89.5,349.5,57
90.5,349.5,57
91.5,349.5,57
91.5,348.5,57
90.5,235.5,58
90.5,234.5,58
91.5,234.5,58
92.5,234.5,58
93.5,234.5,58
94.5,234.5,58
94.5,233.5,58
91.5,348.5,59
92.5,348.5,59
93.5,348.5,59
94.5,348.5,59
94.5,347.5,59
95.5,347.5,59
96.5,347.5,59
92.5,297.5,60
92.5,298.5,60
93.5,298.5,60
94.5,298.5,60
95.5,298.5,60
96.5,298.5,60
96.5,297.5,60
97.5,297.5,60
97.5,298.5,60
92.5,412.5,61
93.5,412.5,61
93.5,411.5,61
93.5,411.5,62
94.5,411.5,62
94.5,233.5,63
95.5,233.5,63
95.5,234.5,63
96.5,234.5,63
96.5,233.5,63
97.5,233.5,63
94.5,411.5,64
95.5,411.5,64
96.5,411.5,64
96.5,410.5,64
97.5,410.5,64
98.5,410.5,64
99.5,410.5,64
99.5,409.5,64
100.5,409.5,64
101.5,409.5,64
101.5,408.5,64
102.5,408.5,64
103.5,408.5,64
103.5,407.5,64
104.5,407.5,64
105.5,407.5,64
96.5,347.5,65
97.5,347.5,65
98.5,347.5,65
98.5,346.5,65
99.5,346.5,65
100.5,346.5,65
101.5,346.5,65
101.5,345.5,65
102.5,345.5,65
103.5,345.5,65
104.5,345.5,65
104.5,344.5,65
105.5,344.5,65
97.5,233.5,66
98.5,233.5,66
99.5,233.5,66
100.5,233.5,66
101.5,233.5,66
97.5,298.5,67
98.5,298.5,67
98.5,297.5,67
99.5,297.5,67
99.5,296.5,67
100.5,296.5,67
101.5,296.5,67
102.5,296.5,67
103.5,296.5,67
103.5,295.5,67
104.5,295.5,67
101.5,233.5,68
102.5,233.5,68
103.5,233.5,68
104.5,233.5,68
104.5,232.5,68
105.5,232.5,68
106.5,232.5,68
107.5,232.5,68
107.5,233.5,68
108.5,233.5,68
108.5,232.5,68
109.5,232.5,68
110.5,232.5,68
111.5,232.5,68
112.5,232.5,68
113.5,232.5,68
113.5,233.5,68
114.5,233.5,68
115.5,233.5,68
115.5,232.5,68
116.5,232.5,68
104.5,295.5,69
105.5,295.5,69
106.5,295.5,69
107.5,295.5,69
108.5,295.5,69
105.5,344.5,70
106.5,344.5,70
106.5,343.5,70
105.5,407.5,71
106.5,407.5,71
107.5,407.5,71
108.5,407.5,71
106.5,343.5,72
107.5,343.5,72
108.5,343.5,72
109.5,343.5,72
110.5,343.5,72
110.5,342.5,72
111.5,342.5,72
108.5,295.5,73
108.5,294.5,73
109.5,294.5,73
108.5,407.5,74
108.5,406.5,74
109.5,406.5,74
110.5,406.5,74
110.5,405.5,74
111.5,405.5,74
112.5,405.5,74
113.5,405.5,74
114.5,405.5,74
114.5,404.5,74
115.5,404.5,74
116.5,404.5,74
117.5,404.5,74
117.5,403.5,74
118.5,403.5,74
119.5,403.5,74
119.5,402.5,74
120.5,402.5,74
121.5,402.5,74
109.5,294.5,75
110.5,294.5,75
111.5,294.5,75
111.5,293.5,75
112.5,293.5,75
113.5,293.5,75
114.5,293.5,75
114.5,292.5,75
115.5,292.5,75
116.5,292.5,75
117.5,292.5,75
117.5,291.5,75
118.5,291.5,75
118.5,290.5,75
119.5,290.5,75
111.5,342.5,76
112.5,342.5,76
113.5,342.5,76
114.5,342.5,76
114.5,341.5,76
115.5,341.5,76
116.5,341.5,76
117.5,341.5,76
118.5,341.5,76
118.5,340.5,76
119.5,340.5,76
119.5,339.5,76
116.5,232.5,77
117.5,232.5,77
118.5,232.5,77
119.5,232.5,77
120.5,232.5,77
121.5,232.5,77
121.5,233.5,77
122.5,233.5,77
122.5,232.5,77
123.5,232.5,77
119.5,290.5,78
119.5,291.5,78
120.5,291.5,78
120.5,290.5,78
121.5,290.5,78
119.5,339.5,79
120.5,339.5,79
120.5,340.5,79
121.5,340.5,79
121.5,339.5,79
122.5,339.5,79
123.5,339.5,79
124.5,339.5,79
121.5,290.5,80
122.5,290.5,80
123.5,290.5,80
124.5,290.5,80
125.5,290.5,80
125.5,289.5,80
126.5,289.5,80
127.5,289.5,80
128.5,289.5,80
129.5,289.5,80
129.5,288.5,80
130.5,288.5,80
130.5,287.5,80
131.5,287.5,80
121.5,402.5,81
122.5,402.5,81
123.5,402.5,81
123.5,401.5,81
124.5,401.5,81
125.5,401.5,81
126.5,401.5,81
123.5,232.5,82
123.5,233.5,82
124.5,233.5,82
125.5,233.5,82
126.5,233.5,82
126.5,232.5,82
127.5,232.5,82
128.5,232.5,82
129.5,232.5,82
130.5,232.5,82
130.5,233.5,82
131.5,233.5,82
124.5,339.5,83
125.5,339.5,83
125.5,338.5,83
126.5,338.5,83
127.5,338.5,83
128.5,338.5,83
128.5,337.5,83
126.5,401.5,84
126.5,400.5,84
127.5,400.5,84
128.5,400.5,84
128.5,399.5,84
129.5,399.5,84
130.5,399.5,84
131.5,399.5,84
128.5,337.5,85
129.5,337.5,85
129.5,338.5,85
130.5,338.5,85
130.5,337.5,85
131.5,337.5,85
132.5,337.5,85
132.5,338.5,85
133.5,338.5,85
131.5,233.5,86
131.5,232.5,86
132.5,232.5,86
131.5,287.5,87
131.5,288.5,87
132.5,288.5,87
132.5,287.5,87
133.5,287.5,87
134.5,287.5,87
135.5,287.5,87
136.5,287.5,87
137.5,287.5,87
137.5,286.5,87
138.5,286.5,87
139.5,286.5,87
140.5,286.5,87
140.5,285.5,87
131.5,399.5,88
132.5,399.5,88
132.5,398.5,88
132.5,28.5,89
132.5,27.5,89
132.5,26.5,89
132.5,25.5,89
132.5,24.5,89
132.5,23.5,89
133.5,23.5,89
133.5,22.5,89
133.5,21.5,89
134.5,21.5,89
134.5,20.5,89
134.5,19.5,89
134.5,18.5,89
135.5,18.5,89
135.5,17.5,89
136.5,17.5,89
136.5,16.5,89
136.5,15.5,89
135.5,15.5,89
135.5,14.5,89
135.5,13.5,89
134.5,13.5,89
134.5,12.5,89
134.5,11.5,89
133.5,11.5,89
133.5,10.5,89
132.5,10.5,89
132.5,9.5,89
133.5,9.5,89
133.5,8.5,89
133.5,7.5,89
134.5,7.5,89
134.5,6.5,89
134.5,5.5,89
134.5,4.5,89
134.5,3.5,89
135.5,3.5,89
136.5,3.5,89
132.5,28.5,90
132.5,29.5,90
133.5,29.5,90
133.5,30.5,90
134.5,30.5,90
134.5,31.5,90
134.5,32.5,90
134.5,33.5,90
135.5,33.5,90
135.5,34.5,90
136.5,34.5,90
136.5,33.5,90
137.5,33.5,90
138.5,33.5,90
138.5,34.5,90
132.5,232.5,91
133.5,232.5,91
134.5,232.5,91
135.5,232.5,91
135.5,233.5,91
136.5,233.5,91
136.5,232.5,91
137.5,232.5,91
138.5,232.5,91
138.5,233.5,91
139.5,233.5,91
140.5,233.5,91
141.5,233.5,91
141.5,232.5,91
142.5,232.5,91
143.5,232.5,91
143.5,233.5,91
144.5,233.5,91
144.5,232.5,91
145.5,232.5,91
146.5,232.5,91
146.5,233.5,91
147.5,233.5,91
132.5,398.5,92
133.5,398.5,92
134.5,398.5,92
135.5,398.5,92
135.5,397.5,92
136.5,397.5,92
133.5,338.5,93
133.5,337.5,93
134.5,337.5,93
134.5,336.5,93
135.5,336.5,93
135.5,336.5,94
136.5,336.5,94
137.5,336.5,94
137.5,335.5,94
138.5,335.5,94
139.5,335.5,94
140.5,335.5,94
140.5,334.5,94
141.5,334.5,94
142.5,334.5,94
143.5,334.5,94
143.5,333.5,94
144.5,333.5,94
144.5,334.5,94
145.5,334.5,94
145.5,333.5,94
146.5,333.5,94
136.5,1.5,95
136.5,2.5,95
136.5,3.5,95
136.5,397.5,96
137.5,397.5,96
138.5,397.5,96
138.5,396.5,96
139.5,396.5,96
137.5,44.5,97
137.5,43.5,97
138.5,43.5,97
137.5,44.5,98
138.5,44.5,98
138.5,45.5,98
139.5,45.5,98
139.5,46.5,98
138.5,46.5,98
138.5,47.5,98
138.5,48.5,98
139.5,48.5,98
139.5,49.5,98
139.5,50.5,98
139.5,51.5,98
140.5,51.5,98
140.5,52.5,98
139.5,52.5,98
139.5,53.5,98
140.5,53.5,98
140.5,54.5,98
140.5,55.5,98
140.5,56.5,98
139.5,56.5,98
139.5,57.5,98
139.5,58.5,98
140.5,58.5,98
140.5,59.5,98
140.5,60.5,98
140.5,61.5,98
138.5,34.5,99
138.5,35.5,99
138.5,36.5,99
138.5,37.5,99
138.5,38.5,99
137.5,38.5,99
137.5,39.5,99
137.5,40.5,99
137.5,41.5,99
137.5,42.5,99
138.5,42.5,99
138.5,43.5,99
139.5,396.5,100
140.5,396.5,100
141.5,396.5,100
141.5,395.5,100
142.5,395.5,100
143.5,395.5,100
143.5,394.5,100
144.5,394.5,100
144.5,393.5,100
140.5,285.5,101
141.5,285.5,101
142.5,285.5,101
143.5,285.5,101
143.5,285.5,102
144.5,285.5,102
144.5,285.5,103
145.5,285.5,103
146.5,285.5,103
144.5,393.5,104
145.5,393.5,104
145.5,394.5,104
146.5,394.5,104
147.5,394.5,104
148.5,394.5,104
146.5,285.5,105
146.5,284.5,105
147.5,284.5,105
147.5,283.5,105
148.5,283.5,105
149.5,283.5,105
150.5,283.5,105
151.5,283.5,105
152.5,283.5,105
152.5,282.5,105
153.5,282.5,105
153.5,281.5,105
154.5,281.5,105
155.5,281.5,105
156.5,281.5,105
157.5,281.5,105
158.5,281.5,105
158.5,280.5,105
159.5,280.5,105
160.5,280.5,105
161.5,280.5,105
162.5,280.5,105
162.5,279.5,105
163.5,279.5,105
146.5,333.5,106
147.5,333.5,106
148.5,333.5,106
149.5,333.5,106
150.5,333.5,106
147.5,233.5,107
148.5,233.5,107
148.5,232.5,107
149.5,232.5,107
149.5,233.5,107
150.5,233.5,107
151.5,233.5,107
148.5,394.5,108
148.5,393.5,108
149.5,393.5,108
150.5,393.5,108
151.5,393.5,108
151.5,392.5,108
152.5,392.5,108
153.5,392.5,108
154.5,392.5,108
155.5,392.5,108
155.5,391.5,108
156.5,391.5,108
157.5,391.5,108
158.5,391.5,108
158.5,390.5,108
159.5,390.5,108
160.5,390.5,108
161.5,390.5,108
161.5,389.5,108
162.5,389.5,108
150.5,88.5,109
151.5,88.5,109
152.5,88.5,109
153.5,88.5,109
153.5,87.5,109
154.5,87.5,109
154.5,88.5,109
155.5,88.5,109
155.5,87.5,109
156.5,87.5,109
156.5,88.5,109
157.5,88.5,109
158.5,88.5,109
159.5,88.5,109
160.5,88.5,109
161.5,88.5,109
161.5,89.5,109
162.5,89.5,109
162.5,90.5,109
161.5,90.5,109
161.5,91.5,109
161.5,92.5,109
162.5,92.5,109
162.5,93.5,109
162.5,94.5,109
161.5,94.5,109
161.5,95.5,109
162.5,95.5,109
162.5,96.5,109
150.5,333.5,110
150.5,332.5,110
151.5,332.5,110
151.5,331.5,110
152.5,331.5,110
153.5,331.5,110
154.5,331.5,110
155.5,331.5,110
156.5,331.5,110
157.5,331.5,110
158.5,331.5,110
158.5,330.5,110
159.5,330.5,110
160.5,330.5,110
161.5,330.5,110
162.5,330.5,110
162.5,329.5,110
163.5,329.5,110
164.5,329.5,110
165.5,329.5,110
165.5,328.5,110
166.5,328.5,110
151.5,233.5,111
152.5,233.5,111
153.5,233.5,111
153.5,232.5,111
154.5,232.5,111
154.5,233.5,111
155.5,233.5,111
156.5,233.5,111
156.5,232.5,111
157.5,232.5,111
157.5,232.5,112
158.5,232.5,112
158.5,233.5,112
159.5,233.5,112
160.5,233.5,112
160.5,232.5,112
161.5,232.5,112
161.5,233.5,112
162.5,233.5,112
163.5,233.5,112
164.5,233.5,112
165.5,233.5,112
166.5,233.5,112
166.5,232.5,112
167.5,232.5,112
168.5,232.5,112
169.5,232.5,112
170.5,232.5,112
171.5,232.5,112
171.5,233.5,112
172.5,233.5,112
172.5,232.5,112
173.5,232.5,112
174.5,232.5,112
158.5,97.5,113
159.5,97.5,113
159.5,96.5,113
160.5,96.5,113
161.5,96.5,113
162.5,96.5,113
159.5,28.5,114
159.5,29.5,114
160.5,29.5,114
160.5,30.5,114
160.5,31.5,114
160.5,32.5,114
159.5,28.5,115
160.5,28.5,115
160.5,27.5,115
161.5,27.5,115
161.5,27.5,116
161.5,26.5,116
161.5,25.5,116
161.5,24.5,116
161.5,23.5,116
161.5,22.5,116
161.5,21.5,116
161.5,20.5,116
161.5,19.5,116
161.5,18.5,116
161.5,17.5,116
162.5,17.5,116
162.5,16.5,116
162.5,4.5,117
162.5,5.5,117
162.5,6.5,117
162.5,7.5,117
162.5,8.5,117
162.5,9.5,117
162.5,10.5,117
162.5,11.5,117
162.5,12.5,117
162.5,13.5,117
162.5,14.5,117
162.5,15.5,117
161.5,15.5,117
161.5,16.5,117
162.5,16.5,117
162.5,4.5,118
163.5,4.5,118
163.5,3.5,118
163.5,2.5,118
163.5,1.5,118
162.5,96.5,119
163.5,96.5,119
164.5,96.5,119
165.5,96.5,119
166.5,96.5,119
167.5,96.5,119
167.5,95.5,119
168.5,95.5,119
169.5,95.5,119
170.5,95.5,119
171.5,95.5,119
172.5,95.5,119
173.5,95.5,119
173.5,94.5,119
174.5,94.5,119
175.5,94.5,119
176.5,94.5,119
177.5,94.5,119
178.5,94.5,119
179.5,94.5,119
179.5,93.5,119
162.5,389.5,120
163.5,389.5,120
164.5,389.5,120
164.5,388.5,120
165.5,388.5,120
166.5,388.5,120
167.5,388.5,120
167.5,387.5,120
168.5,387.5,120
169.5,387.5,120
170.5,387.5,120
170.5,386.5,120
171.5,386.5,120
172.5,386.5,120
163.5,279.5,121
164.5,279.5,121
165.5,279.5,121
165.5,279.5,122
165.5,278.5,122
166.5,278.5,122
166.5,278.5,123
167.5,278.5,123
168.5,278.5,123
168.5,277.5,123
169.5,277.5,123
170.5,277.5,123
170.5,278.5,123
171.5,278.5,123
171.5,277.5,123
172.5,277.5,123
173.5,277.5,123
173.5,276.5,123
174.5,276.5,123
174.5,275.5,123
175.5,275.5,123
166.5,328.5,124
167.5,328.5,124
167.5,327.5,124
168.5,327.5,124
168.5,327.5,125
169.5,327.5,125
170.5,327.5,125
171.5,327.5,125
171.5,328.5,125
172.5,328.5,125
173.5,328.5,125
172.5,386.5,126
173.5,386.5,126
174.5,386.5,126
173.5,328.5,127
174.5,328.5,127
174.5,327.5,127
175.5,327.5,127
175.5,326.5,127
176.5,326.5,127
177.5,326.5,127
178.5,326.5,127
178.5,325.5,127
179.5,325.5,127
180.5,325.5,127
181.5,325.5,127
182.5,325.5,127
182.5,324.5,127
183.5,324.5,127
184.5,324.5,127
184.5,323.5,127
185.5,323.5,127
174.5,232.5,128
175.5,232.5,128
176.5,232.5,128
177.5,232.5,128
178.5,232.5,128
179.5,232.5,128
179.5,231.5,128
180.5,231.5,128
181.5,231.5,128
182.5,231.5,128
183.5,231.5,128
184.5,231.5,128
184.5,230.5,128
185.5,230.5,128
186.5,230.5,128
187.5,230.5,128
188.5,230.5,128
174.5,386.5,129
174.5,385.5,129
175.5,385.5,129
175.5,384.5,129
176.5,384.5,129
177.5,384.5,129
178.5,384.5,129
179.5,384.5,129
180.5,384.5,129
175.5,275.5,130
176.5,275.5,130
177.5,275.5,130
178.5,275.5,130
179.5,275.5,130
179.5,274.5,130
180.5,274.5,130
181.5,274.5,130
181.5,273.5,130
182.5,273.5,130
183.5,273.5,130
184.5,273.5,130
179.5,93.5,131
180.5,93.5,131
181.5,93.5,131
182.5,93.5,131
183.5,93.5,131
184.5,93.5,131
185.5,93.5,131
186.5,93.5,131
186.5,94.5,131
180.5,384.5,132
181.5,384.5,132
182.5,384.5,132
182.5,383.5,132
183.5,383.5,132
184.5,383.5,132
184.5,273.5,133
185.5,273.5,133
185.5,272.5,133
186.5,272.5,133
187.5,272.5,133
188.5,272.5,133
188.5,271.5,133
189.5,271.5,133
190.5,271.5,133
190.5,270.5,133
191.5,270.5,133
192.5,270.5,133
193.5,270.5,133
194.5,270.5,133
195.5,270.5,133
195.5,269.5,133
196.5,269.5,133
197.5,269.5,133
197.5,268.5,133
198.5,268.5,133
198.5,267.5,133
184.5,383.5,134
184.5,382.5,134
185.5,382.5,134
186.5,382.5,134
187.5,382.5,134
188.5,382.5,134
188.5,381.5,134
189.5,381.5,134
190.5,381.5,134
191.5,381.5,134
192.5,381.5,134
185.5,323.5,135
186.5,323.5,135
187.5,323.5,135
186.5,94.5,136
187.5,94.5,136
187.5,93.5,136
188.5,93.5,136
189.5,93.5,136
190.5,93.5,136
191.5,93.5,136
192.5,93.5,136
192.5,92.5,136
193.5,92.5,136
194.5,92.5,136
195.5,92.5,136
187.5,323.5,137
188.5,323.5,137
188.5,322.5,137
189.5,322.5,137
190.5,322.5,137
190.5,321.5,137
191.5,321.5,137
188.5,230.5,138
189.5,230.5,138
189.5,229.5,138
190.5,229.5,138
190.5,228.5,138
191.5,228.5,138
191.5,228.5,139
191.5,229.5,139
192.5,229.5,139
193.5,229.5,139
194.5,229.5,139
194.5,228.5,139
195.5,228.5,139
196.5,228.5,139
196.5,227.5,139
197.5,227.5,139
198.5,227.5,139
191.5,321.5,140
192.5,321.5,140
193.5,321.5,140
194.5,321.5,140
194.5,320.5,140
195.5,320.5,140
195.5,319.5,140
196.5,319.5,140
197.5,319.5,140
198.5,319.5,140
199.5,319.5,140
199.5,318.5,140
200.5,318.5,140
201.5,318.5,140
202.5,318.5,140
202.5,317.5,140
203.5,317.5,140
204.5,317.5,140
205.5,317.5,140
192.5,381.5,141
193.5,381.5,141
193.5,380.5,141
194.5,380.5,141
195.5,380.5,141
195.5,379.5,141
196.5,379.5,141
197.5,379.5,141
197.5,379.5,142
198.5,379.5,142
198.5,378.5,142
198.5,227.5,143
199.5,227.5,143
199.5,226.5,143
200.5,226.5,143
201.5,226.5,143
201.5,225.5,143
202.5,225.5,143
202.5,224.5,143
203.5,224.5,143
204.5,224.5,143
204.5,223.5,143
198.5,267.5,144
199.5,267.5,144
199.5,268.5,144
200.5,268.5,144
200.5,267.5,144
201.5,267.5,144
202.5,267.5,144
203.5,267.5,144
203.5,266.5,144
204.5,266.5,144
205.5,266.5,144
198.5,378.5,145
199.5,378.5,145
199.5,379.5,145
200.5,379.5,145
200.5,378.5,145
201.5,378.5,145
202.5,378.5,145
203.5,378.5,145
203.5,377.5,145
204.5,377.5,145
205.5,377.5,145
204.5,223.5,146
205.5,223.5,146
205.5,223.5,147
206.5,223.5,147
206.5,222.5,147
207.5,222.5,147
205.5,266.5,148
205.5,265.5,148
206.5,265.5,148
207.5,265.5,148
207.5,264.5,148
208.5,264.5,148
209.5,264.5,148
210.5,264.5,148
210.5,263.5,148
211.5,263.5,148
212.5,263.5,148
212.5,262.5,148
213.5,262.5,148
214.5,262.5,148
205.5,317.5,149
206.5,317.5,149
206.5,316.5,149
207.5,316.5,149
208.5,316.5,149
205.5,377.5,150
206.5,377.5,150
207.5,377.5,150
207.5,376.5,150
208.5,376.5,150
208.5,375.5,150
209.5,375.5,150
210.5,375.5,150
211.5,375.5,150
212.5,375.5,150
212.5,374.5,150
213.5,374.5,150
214.5,374.5,150
215.5,374.5,150
216.5,374.5,150
217.5,374.5,150
217.5,373.5,150
218.5,373.5,150
219.5,373.5,150
220.5,373.5,150
221.5,373.5,150
207.5,222.5,151
208.5,222.5,151
208.5,221.5,151
209.5,221.5,151
210.5,221.5,151
210.5,220.5,151
211.5,220.5,151
212.5,220.5,151
208.5,316.5,152
209.5,316.5,152
209.5,315.5,152
210.5,315.5,152
211.5,315.5,152
212.5,315.5,152
213.5,315.5,152
213.5,314.5,152
214.5,314.5,152
215.5,314.5,152
215.5,313.5,152
216.5,313.5,152
212.5,220.5,153
213.5,220.5,153
214.5,220.5,153
214.5,219.5,153
215.5,219.5,153
216.5,219.5,153
217.5,219.5,153
214.5,262.5,154
215.5,262.5,154
216.5,262.5,154
216.5,261.5,154
217.5,261.5,154
216.5,313.5,155
217.5,313.5,155
218.5,313.5,155
218.5,312.5,155
219.5,312.5,155
220.5,312.5,155
221.5,312.5,155
222.5,312.5,155
223.5,312.5,155
224.5,312.5,155
224.5,311.5,155
225.5,311.5,155
225.5,312.5,155
226.5,312.5,155
227.5,312.5,155
228.5,312.5,155
228.5,311.5,155
229.5,311.5,155
217.5,219.5,156
218.5,219.5,156
219.5,219.5,156
219.5,218.5,156
220.5,218.5,156
221.5,218.5,156
217.5,261.5,157
218.5,261.5,157
219.5,261.5,157
219.5,260.5,157
220.5,260.5,157
221.5,260.5,157
221.5,259.5,157
222.5,259.5,157
223.5,259.5,157
223.5,258.5,157
224.5,258.5,157
225.5,258.5,157
225.5,257.5,157
226.5,257.5,157
227.5,257.5,157
227.5,256.5,157
228.5,256.5,157
229.5,256.5,157
221.5,218.5,158
222.5,218.5,158
222.5,217.5,158
223.5,217.5,158
224.5,217.5,158
225.5,217.5,158
226.5,217.5,158
226.5,216.5,158
227.5,216.5,158
221.5,373.5,159
221.5,372.5,159
222.5,372.5,159
222.5,371.5,159
223.5,371.5,159
223.5,371.5,160
224.5,371.5,160
225.5,371.5,160
225.5,370.5,160
226.5,370.5,160
227.5,370.5,160
228.5,370.5,160
229.5,370.5,160
229.5,369.5,160
230.5,369.5,160
231.5,369.5,160
232.5,369.5,160
227.5,216.5,161
228.5,216.5,161
229.5,216.5,161
230.5,216.5,161
230.5,215.5,161
231.5,215.5,161
231.5,214.5,161
232.5,214.5,161
233.5,214.5,161
234.5,214.5,161
235.5,214.5,161
236.5,214.5,161
236.5,213.5,161
237.5,213.5,161
228.5,237.5,162
228.5,238.5,162
228.5,239.5,162
228.5,240.5,162
228.5,237.5,163
229.5,237.5,163
230.5,237.5,163
231.5,237.5,163
232.5,237.5,163
232.5,236.5,163
233.5,236.5,163
234.5,236.5,163
234.5,235.5,163
235.5,235.5,163
236.5,235.5,163
237.5,235.5,163
238.5,235.5,163
238.5,234.5,163
239.5,234.5,163
228.5,240.5,164
228.5,241.5,164
228.5,242.5,164
229.5,242.5,164
229.5,243.5,164
229.5,244.5,164
229.5,245.5,164
230.5,245.5,164
231.5,245.5,164
231.5,246.5,164
231.5,247.5,164
232.5,247.5,164
232.5,248.5,164
233.5,248.5,164
233.5,249.5,164
233.5,250.5,164
232.5,250.5,164
232.5,251.5,164
232.5,252.5,164
233.5,252.5,164
233.5,253.5,164
232.5,253.5,164
229.5,256.5,165
229.5,255.5,165
230.5,255.5,165
230.5,254.5,165
230.5,253.5,165
231.5,253.5,165
232.5,253.5,165
229.5,311.5,166
230.5,311.5,166
231.5,311.5,166
231.5,310.5,166
232.5,310.5,166
233.5,310.5,166
233.5,309.5,166
234.5,309.5,166
235.5,309.5,166
236.5,309.5,166
236.5,308.5,166
237.5,308.5,166
238.5,308.5,166
239.5,308.5,166
240.5,308.5,166
240.5,307.5,166
241.5,307.5,166
242.5,307.5,166
242.5,306.5,166
243.5,306.5,166
244.5,306.5,166
245.5,306.5,166
232.5,369.5,167
233.5,369.5,167
233.5,368.5,167
233.5,368.5,168
234.5,368.5,168
235.5,368.5,168
235.5,367.5,168
236.5,367.5,168
236.5,368.5,168
237.5,368.5,168
237.5,367.5,168
238.5,367.5,168
238.5,366.5,168
237.5,213.5,169
238.5,213.5,169
239.5,213.5,169
239.5,212.5,169
240.5,212.5,169
241.5,212.5,169
242.5,212.5,169
243.5,212.5,169
244.5,212.5,169
244.5,211.5,169
245.5,211.5,169
246.5,211.5,169
247.5,211.5,169
248.5,211.5,169
249.5,211.5,169
250.5,211.5,169
251.5,211.5,169
238.5,366.5,170
239.5,366.5,170
239.5,367.5,170
240.5,367.5,170
239.5,234.5,171
240.5,234.5,171
241.5,234.5,171
242.5,234.5,171
243.5,234.5,171
243.5,233.5,171
244.5,233.5,171
245.5,233.5,171
246.5,233.5,171
247.5,233.5,171
248.5,233.5,171
249.5,233.5,171
249.5,232.5,171
250.5,232.5,171
251.5,232.5,171
251.5,233.5,171
252.5,233.5,171
252.5,232.5,171
253.5,232.5,171
254.5,232.5,171
255.5,232.5,171
255.5,233.5,171
256.5,233.5,171
256.5,232.5,171
257.5,232.5,171
258.5,232.5,171
240.5,367.5,172
240.5,366.5,172
241.5,366.5,172
242.5,366.5,172
242.5,365.5,172
243.5,365.5,172
244.5,365.5,172
244.5,364.5,172
245.5,364.5,172
245.5,306.5,173
245.5,305.5,173
246.5,305.5,173
246.5,304.5,173
247.5,304.5,173
247.5,303.5,173
248.5,303.5,173
248.5,302.5,173
245.5,364.5,174
246.5,364.5,174
247.5,364.5,174
248.5,364.5,174
249.5,364.5,174
249.5,363.5,174
250.5,363.5,174
251.5,363.5,174
252.5,363.5,174
252.5,362.5,174
253.5,362.5,174
253.5,361.5,174
254.5,361.5,174
255.5,361.5,174
256.5,361.5,174
256.5,360.5,174
257.5,360.5,174
258.5,360.5,174
259.5,360.5,174
259.5,359.5,174
260.5,359.5,174
261.5,359.5,174
262.5,359.5,174
248.5,163.5,175
249.5,163.5,175
250.5,163.5,175
251.5,163.5,175
252.5,163.5,175
253.5,163.5,175
254.5,163.5,175
255.5,163.5,175
255.5,162.5,175
256.5,162.5,175
248.5,302.5,176
249.5,302.5,176
250.5,302.5,176
250.5,301.5,176
251.5,301.5,176
252.5,301.5,176
253.5,301.5,176
254.5,301.5,176
251.5,211.5,177
252.5,211.5,177
253.5,211.5,177
254.5,211.5,177
255.5,211.5,177
255.5,210.5,177
256.5,210.5,177
257.5,210.5,177
258.5,210.5,177
259.5,210.5,177
260.5,210.5,177
260.5,211.5,177
261.5,211.5,177
254.5,301.5,178
254.5,300.5,178
255.5,300.5,178
255.5,299.5,178
256.5,299.5,178
257.5,299.5,178
258.5,299.5,178
259.5,299.5,178
259.5,298.5,178
260.5,298.5,178
261.5,298.5,178
261.5,297.5,178
262.5,297.5,178
263.5,297.5,178
263.5,296.5,178
264.5,296.5,178
256.5,162.5,179
257.5,162.5,179
258.5,162.5,179
259.5,162.5,179
260.5,162.5,179
261.5,162.5,179
258.5,232.5,180
259.5,232.5,180
259.5,231.5,180
260.5,231.5,180
260.5,230.5,180
261.5,230.5,180
261.5,162.5,181
261.5,161.5,181
262.5,161.5,181
263.5,161.5,181
264.5,161.5,181
265.5,161.5,181
266.5,161.5,181
267.5,161.5,181
261.5,211.5,182
261.5,210.5,182
262.5,210.5,182
261.5,230.5,183
261.5,231.5,183
262.5,231.5,183
263.5,231.5,183
264.5,231.5,183
264.5,230.5,183
265.5,230.5,183
266.5,230.5,183
267.5,230.5,183
268.5,230.5,183
262.5,210.5,184
263.5,210.5,184
264.5,210.5,184
265.5,210.5,184
266.5,210.5,184
267.5,210.5,184
268.5,210.5,184
269.5,210.5,184
262.5,359.5,185
263.5,359.5,185
263.5,358.5,185
264.5,358.5,185
265.5,358.5,185
264.5,296.5,186
264.5,297.5,186
265.5,297.5,186
265.5,296.5,186
266.5,296.5,186
265.5,358.5,187
266.5,358.5,187
266.5,357.5,187
266.5,296.5,188
267.5,296.5,188
268.5,296.5,188
268.5,295.5,188
269.5,295.5,188
270.5,295.5,188
271.5,295.5,188
272.5,295.5,188
273.5,295.5,188
273.5,294.5,188
274.5,294.5,188
275.5,294.5,188
275.5,293.5,188
276.5,293.5,188
277.5,293.5,188
278.5,293.5,188
279.5,293.5,188
280.5,293.5,188
281.5,293.5,188
282.5,293.5,188
266.5,357.5,189
267.5,357.5,189
267.5,356.5,189
268.5,356.5,189
269.5,356.5,189
270.5,356.5,189
270.5,357.5,189
271.5,357.5,189
272.5,357.5,189
272.5,356.5,189
273.5,356.5,189
274.5,356.5,189
267.5,161.5,190
268.5,161.5,190
268.5,160.5,190
269.5,160.5,190
270.5,160.5,190
271.5,160.5,190
272.5,160.5,190
268.5,230.5,191
269.5,230.5,191
269.5,229.5,191
269.5,228.5,191
270.5,228.5,191
269.5,210.5,192
269.5,211.5,192
269.5,211.5,193
269.5,212.5,193
269.5,213.5,193
269.5,214.5,193
269.5,215.5,193
270.5,215.5,193
270.5,216.5,193
269.5,216.5,193
269.5,217.5,193
269.5,218.5,193
270.5,218.5,193
270.5,219.5,193
270.5,220.5,193
269.5,220.5,193
269.5,221.5,193
269.5,222.5,193
269.5,223.5,193
269.5,224.5,193
270.5,224.5,193
270.5,225.5,193
270.5,226.5,193
269.5,226.5,193
269.5,227.5,193
270.5,227.5,193
270.5,228.5,193
269.5,211.5,194
270.5,211.5,194
270.5,210.5,194
271.5,210.5,194
272.5,210.5,194
272.5,211.5,194
273.5,211.5,194
273.5,210.5,194
274.5,210.5,194
274.5,211.5,194
275.5,211.5,194
275.5,212.5,194
276.5,212.5,194
277.5,212.5,194
277.5,211.5,194
278.5,211.5,194
279.5,211.5,194
280.5,211.5,194
281.5,211.5,194
270.5,228.5,195
270.5,229.5,195
271.5,229.5,195
272.5,229.5,195
273.5,229.5,195
273.5,228.5,195
274.5,228.5,195
275.5,228.5,195
276.5,228.5,195
277.5,228.5,195
278.5,228.5,195
279.5,228.5,195
280.5,228.5,195
281.5,228.5,195
281.5,227.5,195
282.5,227.5,195
283.5,227.5,195
283.5,226.5,195
284.5,226.5,195
285.5,226.5,195
286.5,226.5,195
287.5,226.5,195
272.5,160.5,196
273.5,160.5,196
273.5,159.5,196
273.5,159.5,197
274.5,159.5,197
275.5,159.5,197
276.5,159.5,197
277.5,159.5,197
277.5,158.5,197
278.5,158.5,197
279.5,158.5,197
280.5,158.5,197
281.5,158.5,197
274.5,356.5,198
274.5,357.5,198
275.5,357.5,198
276.5,357.5,198
277.5,357.5,198
278.5,357.5,198
278.5,358.5,198
279.5,358.5,198
279.5,359.5,198
280.5,359.5,198
280.5,360.5,198
281.5,360.5,198
281.5,361.5,198
281.5,362.5,198
281.5,158.5,199
282.5,158.5,199
282.5,157.5,199
283.5,157.5,199
283.5,156.5,199
281.5,211.5,200
282.5,211.5,200
283.5,211.5,200
283.5,212.5,200
284.5,212.5,200
285.5,212.5,200
286.5,212.5,200
286.5,211.5,200
287.5,211.5,200
288.5,211.5,200
289.5,211.5,200
290.5,211.5,200
291.5,211.5,200
291.5,212.5,200
292.5,212.5,200
293.5,212.5,200
293.5,211.5,200
294.5,211.5,200
294.5,212.5,200
295.5,212.5,200
296.5,212.5,200
296.5,211.5,200
297.5,211.5,200
297.5,212.5,200
298.5,212.5,200
299.5,212.5,200
300.5,212.5,200
301.5,212.5,200
302.5,212.5,200
303.5,212.5,200
304.5,212.5,200
304.5,213.5,200
305.5,213.5,200
281.5,362.5,201
282.5,362.5,201
282.5,293.5,202
282.5,292.5,202
283.5,292.5,202
284.5,292.5,202
285.5,292.5,202
285.5,291.5,202
286.5,291.5,202
286.5,290.5,202
282.5,362.5,203
283.5,362.5,203
284.5,362.5,203
285.5,362.5,203
285.5,361.5,203
283.5,156.5,204
284.5,156.5,204
285.5,156.5,204
286.5,156.5,204
286.5,157.5,204
285.5,361.5,205
286.5,361.5,205
286.5,362.5,205
287.5,362.5,205
288.5,362.5,205
289.5,362.5,205
289.5,363.5,205
290.5,363.5,205
290.5,362.5,205
291.5,362.5,205
292.5,362.5,205
286.5,290.5,206
287.5,290.5,206
287.5,291.5,206
288.5,291.5,206
288.5,290.5,206
289.5,290.5,206
290.5,290.5,206
291.5,290.5,206
292.5,290.5,206
293.5,290.5,206
294.5,290.5,206
294.5,289.5,206
295.5,289.5,206
295.5,290.5,206
296.5,290.5,206
287.5,226.5,207
287.5,225.5,207
288.5,225.5,207
288.5,224.5,207
289.5,224.5,207
289.5,225.5,207
290.5,225.5,207
290.5,224.5,207
291.5,224.5,207
292.5,224.5,207
293.5,224.5,207
293.5,223.5,207
294.5,223.5,207
295.5,223.5,207
296.5,223.5,207
297.5,223.5,207
298.5,223.5,207
299.5,223.5,207
290.5,1.5,208
290.5,2.5,208
290.5,3.5,208
290.5,4.5,208
291.5,4.5,208
291.5,4.5,209
291.5,5.5,209
291.5,6.5,209
291.5,7.5,209
292.5,7.5,209
292.5,8.5,209
292.5,9.5,209
292.5,10.5,209
292.5,11.5,209
292.5,12.5,209
293.5,12.5,209
292.5,15.5,210
292.5,16.5,210
293.5,16.5,210
293.5,17.5,210
293.5,18.5,210
293.5,19.5,210
293.5,20.5,210
293.5,21.5,210
293.5,22.5,210
293.5,23.5,210
293.5,24.5,210
294.5,24.5,210
294.5,25.5,210
294.5,26.5,210
294.5,27.5,210
292.5,15.5,211
293.5,15.5,211
293.5,14.5,211
292.5,14.5,211
292.5,13.5,211
293.5,13.5,211
293.5,12.5,211
292.5,362.5,212
293.5,362.5,212
293.5,361.5,212
294.5,361.5,212
295.5,361.5,212
296.5,361.5,212
297.5,361.5,212
297.5,360.5,212
298.5,360.5,212
298.5,361.5,212
299.5,361.5,212
300.5,361.5,212
301.5,361.5,212
294.5,27.5,213
294.5,28.5,213
294.5,29.5,213
294.5,30.5,213
294.5,31.5,213
294.5,31.5,214
295.5,31.5,214
295.5,32.5,214
295.5,33.5,214
295.5,34.5,214
295.5,35.5,214
295.5,36.5,214
295.5,37.5,214
296.5,37.5,214
296.5,38.5,214
296.5,39.5,214
296.5,40.5,214
296.5,41.5,214
297.5,41.5,214
297.5,42.5,214
297.5,43.5,214
297.5,44.5,214
297.5,45.5,214
297.5,46.5,214
298.5,46.5,214
298.5,47.5,214
296.5,290.5,215
296.5,289.5,215
297.5,289.5,215
298.5,289.5,215
299.5,289.5,215
300.5,289.5,215
300.5,288.5,215
301.5,288.5,215
297.5,53.5,216
297.5,54.5,216
298.5,54.5,216
298.5,55.5,216
297.5,53.5,217
298.5,53.5,217
298.5,52.5,217
298.5,51.5,217
298.5,50.5,217
298.5,49.5,217
298.5,48.5,217
297.5,48.5,217
297.5,47.5,217
298.5,47.5,217
298.5,55.5,218
298.5,56.5,218
298.5,57.5,218
299.5,57.5,218
299.5,57.5,219
299.5,58.5,219
298.5,58.5,219
298.5,59.5,219
299.5,59.5,219
299.5,60.5,219
299.5,61.5,219
299.5,62.5,219
299.5,63.5,219
299.5,64.5,219
299.5,223.5,220
299.5,222.5,220
300.5,222.5,220
300.5,221.5,220
301.5,221.5,220
302.5,221.5,220
302.5,220.5,220
303.5,220.5,220
304.5,220.5,220
305.5,220.5,220
305.5,219.5,220
305.5,218.5,220
306.5,218.5,220
306.5,217.5,220
301.5,288.5,221
302.5,288.5,221
302.5,287.5,221
303.5,287.5,221
304.5,287.5,221
305.5,287.5,221
305.5,286.5,221
306.5,286.5,221
307.5,286.5,221
308.5,286.5,221
308.5,285.5,221
309.5,285.5,221
310.5,285.5,221
301.5,361.5,222
301.5,360.5,222
302.5,360.5,222
303.5,360.5,222
303.5,359.5,222
304.5,359.5,222
305.5,359.5,222
306.5,359.5,222
307.5,359.5,222
305.5,213.5,223
306.5,213.5,223
306.5,214.5,223
306.5,215.5,223
306.5,215.5,224
306.5,216.5,224
306.5,217.5,224
307.5,359.5,225
308.5,359.5,225
308.5,358.5,225
308.5,358.5,226
309.5,358.5,226
309.5,359.5,226
310.5,359.5,226
311.5,359.5,226
312.5,359.5,226
313.5,359.5,226
314.5,359.5,226
314.5,358.5,226
315.5,358.5,226
316.5,358.5,226
317.5,358.5,226
310.5,285.5,227
311.5,285.5,227
312.5,285.5,227
313.5,285.5,227
313.5,284.5,227
314.5,284.5,227
314.5,283.5,227
315.5,283.5,227
313.5,16.5,228
313.5,17.5,228
314.5,17.5,228
314.5,18.5,228
314.5,19.5,228
314.5,20.5,228
314.5,21.5,228
314.5,22.5,228
314.5,23.5,228
314.5,24.5,228
314.5,25.5,228
313.5,25.5,228
313.5,26.5,228
313.5,27.5,228
313.5,28.5,228
314.5,28.5,228
314.5,29.5,228
313.5,16.5,229
314.5,16.5,229
314.5,15.5,229
314.5,14.5,229
314.5,13.5,229
314.5,12.5,229
314.5,11.5,229
314.5,10.5,229
314.5,9.5,229
314.5,8.5,229
314.5,7.5,229
314.5,6.5,229
314.5,5.5,229
314.5,4.5,229
313.5,30.5,230
313.5,29.5,230
314.5,29.5,230
313.5,30.5,231
314.5,30.5,231
314.5,31.5,231
314.5,32.5,231
314.5,33.5,231
315.5,33.5,231
315.5,34.5,231
314.5,4.5,232
315.5,4.5,232
315.5,3.5,232
315.5,2.5,232
315.5,1.5,232
315.5,34.5,233
315.5,35.5,233
315.5,36.5,233
315.5,37.5,233
315.5,38.5,233
315.5,39.5,233
314.5,39.5,233
314.5,40.5,233
315.5,40.5,233
315.5,41.5,233
316.5,41.5,233
316.5,42.5,233
316.5,43.5,233
316.5,44.5,233
317.5,44.5,233
317.5,45.5,233
315.5,283.5,234
315.5,284.5,234
316.5,284.5,234
316.5,283.5,234
317.5,283.5,234
318.5,283.5,234
316.5,46.5,235
316.5,45.5,235
317.5,45.5,235
316.5,46.5,236
317.5,46.5,236
317.5,47.5,236
318.5,47.5,236
318.5,48.5,236
318.5,49.5,236
318.5,50.5,236
318.5,51.5,236
319.5,51.5,236
319.5,52.5,236
319.5,53.5,236
318.5,53.5,236
317.5,358.5,237
318.5,358.5,237
319.5,358.5,237
320.5,358.5,237
318.5,53.5,238
318.5,54.5,238
319.5,54.5,238
319.5,55.5,238
319.5,56.5,238
320.5,56.5,238
320.5,57.5,238
319.5,57.5,238
319.5,58.5,238
318.5,283.5,239
319.5,283.5,239
320.5,283.5,239
320.5,282.5,239
321.5,282.5,239
322.5,282.5,239
322.5,283.5,239
319.5,58.5,240
320.5,58.5,240
320.5,59.5,240
320.5,60.5,240
321.5,60.5,240
321.5,61.5,240
321.5,62.5,240
321.5,63.5,240
321.5,64.5,240
321.5,65.5,240
322.5,65.5,240
322.5,66.5,240
322.5,67.5,240
320.5,358.5,241
321.5,358.5,241
322.5,358.5,241
322.5,357.5,241
323.5,357.5,241
322.5,67.5,242
323.5,67.5,242
324.5,67.5,242
324.5,68.5,242
325.5,68.5,242
325.5,69.5,242
326.5,69.5,242
327.5,69.5,242
328.5,69.5,242
328.5,70.5,242
322.5,283.5,243
323.5,283.5,243
323.5,282.5,243
324.5,282.5,243
325.5,282.5,243
326.5,282.5,243
326.5,281.5,243
327.5,281.5,243
328.5,281.5,243
329.5,281.5,243
330.5,281.5,243
331.5,281.5,243
331.5,280.5,243
332.5,280.5,243
332.5,281.5,243
323.5,357.5,244
324.5,357.5,244
324.5,358.5,244
325.5,358.5,244
325.5,357.5,244
326.5,357.5,244
327.5,357.5,244
328.5,357.5,244
328.5,70.5,245
329.5,70.5,245
329.5,69.5,245
330.5,69.5,245
331.5,69.5,245
332.5,69.5,245
333.5,69.5,245
334.5,69.5,245
335.5,69.5,245
336.5,69.5,245
337.5,69.5,245
338.5,69.5,245
338.5,68.5,245
339.5,68.5,245
340.5,68.5,245
341.5,68.5,245
342.5,68.5,245
342.5,67.5,245
343.5,67.5,245
344.5,67.5,245
345.5,67.5,245
345.5,66.5,245
346.5,66.5,245
328.5,144.5,246
329.5,144.5,246
330.5,144.5,246
331.5,144.5,246
331.5,145.5,246
332.5,145.5,246
333.5,145.5,246
334.5,145.5,246
334.5,144.5,246
334.5,143.5,246
335.5,143.5,246
335.5,142.5,246
336.5,142.5,246
336.5,141.5,246
336.5,140.5,246
335.5,140.5,246
335.5,139.5,246
335.5,138.5,246
335.5,137.5,246
328.5,357.5,247
329.5,357.5,247
329.5,356.5,247
330.5,356.5,247
331.5,356.5,247
332.5,356.5,247
333.5,356.5,247
334.5,356.5,247
335.5,356.5,247
332.5,281.5,248
333.5,281.5,248
333.5,280.5,248
334.5,280.5,248
334.5,279.5,249
334.5,280.5,249
334.5,279.5,250
335.5,279.5,250
336.5,279.5,250
337.5,279.5,250
338.5,279.5,250
339.5,279.5,250
340.5,279.5,250
341.5,279.5,250
342.5,279.5,250
342.5,278.5,250
343.5,278.5,250
344.5,278.5,250
345.5,278.5,250
346.5,278.5,250
346.5,277.5,250
347.5,277.5,250
348.5,277.5,250
349.5,277.5,250
350.5,277.5,250
351.5,277.5,250
351.5,276.5,250
335.5,137.5,251
336.5,137.5,251
336.5,136.5,251
337.5,136.5,251
338.5,136.5,251
338.5,135.5,251
339.5,135.5,251
339.5,134.5,251
340.5,134.5,251
341.5,134.5,251
342.5,134.5,251
342.5,133.5,251
343.5,133.5,251
344.5,133.5,251
345.5,133.5,251
346.5,133.5,251
347.5,133.5,251
348.5,133.5,251
349.5,133.5,251
349.5,132.5,251
335.5,356.5,252
336.5,356.5,252
336.5,355.5,252
337.5,355.5,252
338.5,355.5,252
339.5,355.5,252
339.5,354.5,252
340.5,354.5,252
340.5,353.5,252
341.5,353.5,252
342.5,353.5,252
343.5,353.5,252
343.5,353.5,253
343.5,352.5,253
343.5,351.5,253
344.5,351.5,253
344.5,350.5,253
345.5,350.5,253
345.5,349.5,253
346.5,349.5,253
346.5,348.5,253
347.5,348.5,253
347.5,347.5,253
347.5,346.5,253
348.5,346.5,253
348.5,345.5,253
348.5,344.5,253
346.5,66.5,254
347.5,66.5,254
348.5,66.5,254
349.5,66.5,254
350.5,66.5,254
348.5,344.5,255
348.5,343.5,255
349.5,343.5,255
349.5,342.5,255
349.5,341.5,255
350.5,341.5,255
350.5,340.5,255
349.5,132.5,256
350.5,132.5,256
351.5,132.5,256
352.5,132.5,256
353.5,132.5,256
354.5,132.5,256
354.5,131.5,256
355.5,131.5,256
356.5,131.5,256
357.5,131.5,256
357.5,132.5,256
358.5,132.5,256
350.5,66.5,257
351.5,66.5,257
351.5,65.5,257
352.5,65.5,257
350.5,340.5,258
351.5,340.5,258
352.5,340.5,258
353.5,340.5,258
354.5,340.5,258
355.5,340.5,258
356.5,340.5,258
357.5,340.5,258
357.5,339.5,258
351.5,276.5,259
352.5,276.5,259
353.5,276.5,259
354.5,276.5,259
352.5,65.5,260
352.5,64.5,260
352.5,63.5,260
352.5,62.5,260
353.5,62.5,260
353.5,61.5,260
353.5,60.5,260
352.5,65.5,261
353.5,65.5,261
354.5,65.5,261
354.5,66.5,261
355.5,66.5,261
355.5,67.5,261
355.5,68.5,261
356.5,68.5,261
356.5,69.5,261
355.5,69.5,261
355.5,70.5,261
355.5,71.5,261
356.5,71.5,261
356.5,72.5,261
355.5,72.5,261
355.5,73.5,261
356.5,73.5,261
356.5,74.5,261
357.5,74.5,261
358.5,74.5,261
358.5,75.5,261
359.5,75.5,261
359.5,76.5,261
359.5,77.5,261
358.5,77.5,261
358.5,78.5,261
358.5,79.5,261
358.5,80.5,261
358.5,81.5,261
359.5,81.5,261
359.5,82.5,261
359.5,83.5,261
359.5,84.5,261
358.5,84.5,261
358.5,85.5,261
359.5,85.5,261
359.5,86.5,261
358.5,86.5,261
358.5,87.5,261
353.5,60.5,262
354.5,60.5,262
355.5,60.5,262
355.5,59.5,262
356.5,59.5,262
357.5,59.5,262
358.5,59.5,262
359.5,59.5,262
360.5,59.5,262
360.5,58.5,262
361.5,58.5,262
362.5,58.5,262
363.5,58.5,262
364.5,58.5,262
365.5,58.5,262
366.5,58.5,262
366.5,57.5,262
367.5,57.5,262
367.5,56.5,262
368.5,56.5,262
354.5,276.5,263
355.5,276.5,263
355.5,275.5,263
356.5,275.5,263
357.5,275.5,263
358.5,275.5,263
359.5,275.5,263
360.5,275.5,263
361.5,275.5,263
361.5,274.5,263
362.5,274.5,263
363.5,274.5,263
363.5,273.5,263
364.5,273.5,263
365.5,273.5,263
366.5,273.5,263
367.5,273.5,263
368.5,273.5,263
355.5,88.5,264
356.5,88.5,264
357.5,88.5,264
357.5,88.5,265
358.5,88.5,265
358.5,87.5,265
357.5,339.5,266
358.5,339.5,266
359.5,339.5,266
360.5,339.5,266
358.5,87.5,267
359.5,87.5,267
359.5,88.5,267
360.5,88.5,267
361.5,88.5,267
362.5,88.5,267
363.5,88.5,267
363.5,87.5,267
364.5,87.5,267
358.5,132.5,268
358.5,131.5,268
359.5,131.5,268
360.5,131.5,268
361.5,131.5,268
362.5,131.5,268
363.5,131.5,268
363.5,130.5,268
364.5,130.5,268
365.5,130.5,268
366.5,130.5,268
367.5,130.5,268
367.5,129.5,268
360.5,339.5,269
361.5,339.5,269
361.5,338.5,269
362.5,338.5,269
363.5,338.5,269
364.5,338.5,269
365.5,338.5,269
366.5,338.5,269
367.5,338.5,269
368.5,338.5,269
368.5,337.5,269
369.5,337.5,269
369.5,338.5,269
364.5,87.5,270
365.5,87.5,270
366.5,87.5,270
367.5,87.5,270
368.5,87.5,270
369.5,87.5,270
370.5,87.5,270
371.5,87.5,270
372.5,87.5,270
367.5,129.5,271
368.5,129.5,271
369.5,129.5,271
370.5,129.5,271
371.5,129.5,271
372.5,129.5,271
373.5,129.5,271
374.5,129.5,271
368.5,56.5,272
368.5,57.5,272
369.5,57.5,272
370.5,57.5,272
370.5,56.5,272
371.5,56.5,272
372.5,56.5,272
373.5,56.5,272
374.5,56.5,272
375.5,56.5,272
375.5,57.5,272
376.5,57.5,272
368.5,273.5,273
368.5,272.5,273
369.5,272.5,273
369.5,271.5,273
370.5,271.5,273
370.5,272.5,273
371.5,272.5,273
371.5,271.5,273
372.5,271.5,273
373.5,271.5,273
373.5,270.5,273
374.5,270.5,273
369.5,338.5,274
370.5,338.5,274
370.5,337.5,274
371.5,337.5,274
371.5,336.5,274
372.5,336.5,274
373.5,336.5,274
372.5,87.5,275
373.5,87.5,275
373.5,86.5,275
374.5,86.5,275
375.5,86.5,275
373.5,336.5,276
374.5,336.5,276
374.5,129.5,277
374.5,128.5,277
375.5,128.5,277
376.5,128.5,277
377.5,128.5,277
374.5,270.5,278
374.5,271.5,278
375.5,271.5,278
376.5,271.5,278
377.5,271.5,278
378.5,271.5,278
378.5,270.5,278
379.5,270.5,278
380.5,270.5,278
381.5,270.5,278
374.5,336.5,279
375.5,336.5,279
375.5,335.5,279
376.5,335.5,279
377.5,335.5,279
378.5,335.5,279
378.5,336.5,279
379.5,336.5,279
375.5,86.5,280
376.5,86.5,280
377.5,86.5,280
378.5,86.5,280
378.5,85.5,280
379.5,85.5,280
379.5,86.5,280
376.5,57.5,281
376.5,56.5,281
377.5,56.5,281
378.5,56.5,281
379.5,56.5,281
380.5,56.5,281
381.5,56.5,281
382.5,56.5,281
383.5,56.5,281
384.5,56.5,281
377.5,128.5,282
378.5,128.5,282
378.5,127.5,282
379.5,127.5,282
379.5,126.5,282
380.5,126.5,282
379.5,86.5,283
380.5,86.5,283
380.5,85.5,283
381.5,85.5,283
382.5,85.5,283
379.5,336.5,284
379.5,335.5,284
380.5,335.5,284
381.5,335.5,284
382.5,335.5,284
383.5,335.5,284
384.5,335.5,284
385.5,335.5,284
386.5,335.5,284
387.5,335.5,284
380.5,126.5,285
380.5,127.5,285
381.5,127.5,285
382.5,127.5,285
383.5,127.5,285
383.5,126.5,285
384.5,126.5,285
385.5,126.5,285
386.5,126.5,285
387.5,126.5,285
387.5,125.5,285
388.5,125.5,285
389.5,125.5,285
390.5,125.5,285
391.5,125.5,285
392.5,125.5,285
393.5,125.5,285
381.5,270.5,286
382.5,270.5,286
383.5,270.5,286
384.5,270.5,286
385.5,270.5,286
386.5,270.5,286
387.5,270.5,286
388.5,270.5,286
388.5,269.5,286
389.5,269.5,286
389.5,268.5,286
382.5,85.5,287
383.5,85.5,287
383.5,85.5,288
384.5,85.5,288
384.5,84.5,288
385.5,84.5,288
386.5,84.5,288
387.5,84.5,288
388.5,84.5,288
384.5,56.5,289
385.5,56.5,289
386.5,56.5,289
387.5,56.5,289
388.5,56.5,289
389.5,56.5,289
389.5,55.5,289
387.5,335.5,290
388.5,335.5,290
388.5,336.5,290
388.5,84.5,291
389.5,84.5,291
389.5,83.5,291
390.5,83.5,291
391.5,83.5,291
392.5,83.5,291
392.5,82.5,291
393.5,82.5,291
388.5,336.5,292
389.5,336.5,292
389.5,335.5,292
390.5,335.5,292
391.5,335.5,292
392.5,335.5,292
393.5,335.5,292
394.5,335.5,292
395.5,335.5,292
395.5,336.5,292
396.5,336.5,292
396.5,335.5,292
397.5,335.5,292
397.5,336.5,292
389.5,55.5,293
390.5,55.5,293
391.5,55.5,293
391.5,56.5,293
389.5,268.5,294
390.5,268.5,294
391.5,268.5,294
392.5,268.5,294
392.5,269.5,294
393.5,269.5,294
393.5,268.5,294
394.5,268.5,294
395.5,268.5,294
396.5,268.5,294
397.5,268.5,294
398.5,268.5,294
391.5,56.5,295
392.5,56.5,295
392.5,55.5,295
393.5,55.5,295
394.5,55.5,295
395.5,55.5,295
393.5,82.5,296
393.5,83.5,296
394.5,83.5,296
395.5,83.5,296
396.5,83.5,296
396.5,82.5,296
397.5,82.5,296
398.5,82.5,296
399.5,82.5,296
400.5,82.5,296
400.5,81.5,296
401.5,81.5,296
402.5,81.5,296
403.5,81.5,296
403.5,82.5,296
393.5,125.5,297
393.5,124.5,297
394.5,124.5,297
395.5,124.5,297
396.5,124.5,297
397.5,124.5,297
398.5,124.5,297
399.5,124.5,297
399.5,123.5,297
400.5,123.5,297
401.5,123.5,297
402.5,123.5,297
403.5,123.5,297
404.5,123.5,297
405.5,123.5,297
406.5,123.5,297
407.5,123.5,297
408.5,123.5,297
409.5,123.5,297
395.5,55.5,298
396.5,55.5,298
397.5,55.5,298
398.5,55.5,298
399.5,55.5,298
400.5,55.5,298
401.5,55.5,298
402.5,55.5,298
402.5,54.5,298
403.5,54.5,298
404.5,54.5,298
397.5,336.5,299
398.5,336.5,299
398.5,335.5,299
399.5,335.5,299
400.5,335.5,299
401.5,335.5,299
402.5,335.5,299
403.5,335.5,299
404.5,335.5,299
404.5,336.5,299
405.5,336.5,299
405.5,335.5,299
406.5,335.5,299
407.5,335.5,299
408.5,335.5,299
409.5,335.5,299
398.5,268.5,300
399.5,268.5,300
400.5,268.5,300
400.5,268.5,301
401.5,268.5,301
401.5,268.5,302
402.5,268.5,302
403.5,268.5,302
403.5,267.5,302
404.5,267.5,302
405.5,267.5,302
406.5,267.5,302
407.5,267.5,302
407.5,266.5,302
408.5,266.5,302
403.5,82.5,303
404.5,82.5,303
404.5,81.5,303
404.5,80.5,303
404.5,54.5,304
405.5,54.5,304
406.5,54.5,304
407.5,54.5,304
408.5,54.5,304
408.5,53.5,304
409.5,53.5,304
410.5,53.5,304
411.5,53.5,304
412.5,53.5,304
413.5,53.5,304
414.5,53.5,304
404.5,80.5,305
405.5,80.5,305
406.5,80.5,305
407.5,80.5,305
408.5,80.5,305
408.5,79.5,305
409.5,79.5,305
410.5,79.5,305
411.5,79.5,305
412.5,79.5,305
413.5,79.5,305
414.5,79.5,305
415.5,79.5,305
416.5,79.5,305
416.5,78.5,305
408.5,266.5,306
409.5,266.5,306
410.5,266.5,306
411.5,266.5,306
412.5,266.5,306
413.5,266.5,306
414.5,266.5,306
415.5,266.5,306
416.5,266.5,306
417.5,266.5,306
418.5,266.5,306
419.5,266.5,306
409.5,123.5,307
410.5,123.5,307
411.5,123.5,307
412.5,123.5,307
412.5,122.5,307
413.5,122.5,307
409.5,335.5,308
410.5,335.5,308
410.5,335.5,309
410.5,334.5,309
411.5,334.5,309
411.5,334.5,310
412.5,334.5,310
412.5,333.5,310
413.5,333.5,310
414.5,333.5,310
415.5,333.5,310
415.5,332.5,310
416.5,332.5,310
413.5,122.5,311
413.5,123.5,311
414.5,123.5,311
415.5,123.5,311
416.5,123.5,311
414.5,53.5,312
415.5,53.5,312
416.5,53.5,312
416.5,52.5,312
417.5,52.5,312
418.5,52.5,312
419.5,52.5,312
420.5,52.5,312
421.5,52.5,312
422.5,52.5,312
423.5,52.5,312
424.5,52.5,312
425.5,52.5,312
425.5,53.5,312
416.5,78.5,313
417.5,78.5,313
418.5,78.5,313
419.5,78.5,313
420.5,78.5,313
421.5,78.5,313
421.5,79.5,313
422.5,79.5,313
416.5,123.5,314
417.5,123.5,314
417.5,122.5,314
418.5,122.5,314
419.5,122.5,314
420.5,122.5,314
420.5,121.5,314
421.5,121.5,314
416.5,332.5,315
417.5,332.5,315
418.5,332.5,315
418.5,333.5,315
418.5,333.5,316
419.5,333.5,316
419.5,332.5,316
420.5,332.5,316
420.5,331.5,316
421.5,331.5,316
422.5,331.5,316
423.5,331.5,316
423.5,332.5,316
424.5,332.5,316
419.5,266.5,317
419.5,265.5,317
420.5,265.5,317
420.5,265.5,318
420.5,266.5,318
421.5,266.5,318
422.5,266.5,318
423.5,266.5,318
421.5,121.5,319
421.5,122.5,319
422.5,122.5,319
422.5,121.5,319
422.5,79.5,320
422.5,78.5,320
423.5,78.5,320
424.5,78.5,320
425.5,78.5,320
426.5,78.5,320
422.5,121.5,321
423.5,121.5,321
424.5,121.5,321
424.5,122.5,321
425.5,122.5,321
423.5,266.5,322
424.5,266.5,322
424.5,265.5,322
425.5,265.5,322
426.5,265.5,322
427.5,265.5,322
427.5,264.5,322
428.5,264.5,322
429.5,264.5,322
430.5,264.5,322
431.5,264.5,322
431.5,263.5,322
432.5,263.5,322
433.5,263.5,322
424.5,332.5,323
424.5,331.5,323
425.5,331.5,323
425.5,330.5,323
426.5,330.5,323
427.5,330.5,323
428.5,330.5,323
429.5,330.5,323
430.5,330.5,323
425.5,53.5,324
426.5,53.5,324
426.5,52.5,324
427.5,52.5,324
428.5,52.5,324
429.5,52.5,324
430.5,52.5,324
425.5,122.5,325
425.5,121.5,325
426.5,121.5,325
427.5,121.5,325
428.5,121.5,325
429.5,121.5,325
429.5,120.5,325
430.5,120.5,325
431.5,120.5,325
432.5,120.5,325
433.5,120.5,325
434.5,120.5,325
435.5,120.5,325
436.5,120.5,325
436.5,119.5,325
437.5,119.5,325
438.5,119.5,325
439.5,119.5,325
426.5,78.5,326
427.5,78.5,326
428.5,78.5,326
429.5,78.5,326
430.5,78.5,326
430.5,77.5,326
430.5,52.5,327
431.5,52.5,327
431.5,53.5,327
432.5,53.5,327
430.5,77.5,328
431.5,77.5,328
431.5,78.5,328
432.5,78.5,328
432.5,77.5,328
433.5,77.5,328
434.5,77.5,328
435.5,77.5,328
436.5,77.5,328
437.5,77.5,328
437.5,76.5,328
438.5,76.5,328
430.5,330.5,329
431.5,330.5,329
431.5,329.5,329
432.5,329.5,329
433.5,329.5,329
434.5,329.5,329
434.5,328.5,329
435.5,328.5,329
435.5,327.5,329
436.5,327.5,329
437.5,327.5,329
438.5,327.5,329
438.5,326.5,329
439.5,326.5,329
432.5,53.5,330
432.5,52.5,330
433.5,52.5,330
434.5,52.5,330
435.5,52.5,330
436.5,52.5,330
437.5,52.5,330
438.5,52.5,330
439.5,52.5,330
440.5,52.5,330
441.5,52.5,330
442.5,52.5,330
442.5,53.5,330
443.5,53.5,330
433.5,263.5,331
433.5,264.5,331
434.5,264.5,331
435.5,264.5,331
436.5,264.5,331
436.5,263.5,331
437.5,263.5,331
438.5,263.5,331
439.5,263.5,331
440.5,263.5,331
441.5,263.5,331
442.5,263.5,331
438.5,76.5,332
439.5,76.5,332
439.5,75.5,332
440.5,75.5,332
441.5,75.5,332
442.5,75.5,332
442.5,74.5,332
443.5,74.5,332
444.5,74.5,332
445.5,74.5,332
445.5,73.5,332
439.5,119.5,333
440.5,119.5,333
441.5,119.5,333
442.5,119.5,333
443.5,119.5,333
444.5,119.5,333
445.5,119.5,333
446.5,119.5,333
446.5,118.5,333
447.5,118.5,333
448.5,118.5,333
449.5,118.5,333
450.5,118.5,333
451.5,118.5,333
452.5,118.5,333
453.5,118.5,333
453.5,117.5,333
454.5,117.5,333
455.5,117.5,333
439.5,326.5,334
440.5,326.5,334
440.5,325.5,334
441.5,325.5,334
441.5,324.5,334
442.5,324.5,334
443.5,324.5,334
444.5,324.5,334
445.5,324.5,334
445.5,323.5,334
446.5,323.5,334
447.5,323.5,334
447.5,322.5,334
448.5,322.5,334
449.5,322.5,334
449.5,321.5,334
450.5,321.5,334
451.5,321.5,334
451.5,320.5,334
442.5,263.5,335
443.5,263.5,335
443.5,262.5,335
444.5,262.5,335
445.5,262.5,335
446.5,262.5,335
446.5,261.5,335
447.5,261.5,335
448.5,261.5,335
448.5,262.5,335
449.5,262.5,335
450.5,262.5,335
450.5,261.5,335
451.5,261.5,335
452.5,261.5,335
453.5,261.5,335
454.5,261.5,335
454.5,260.5,335
443.5,53.5,336
443.5,52.5,336
444.5,52.5,336
445.5,52.5,336
446.5,52.5,336
447.5,52.5,336
448.5,52.5,336
449.5,52.5,336
450.5,52.5,336
451.5,52.5,336
452.5,52.5,336
453.5,52.5,336
454.5,52.5,336
455.5,52.5,336
456.5,52.5,336
457.5,52.5,336
458.5,52.5,336
458.5,51.5,336
459.5,51.5,336
445.5,73.5,337
446.5,73.5,337
446.5,74.5,337
447.5,74.5,337
448.5,74.5,337
448.5,73.5,337
449.5,73.5,337
450.5,73.5,337
451.5,73.5,337
452.5,73.5,337
453.5,73.5,337
451.5,320.5,338
452.5,320.5,338
452.5,320.5,339
453.5,320.5,339
454.5,320.5,339
454.5,319.5,339
455.5,319.5,339
456.5,319.5,339
457.5,319.5,339
458.5,319.5,339
458.5,318.5,339
459.5,318.5,339
460.5,318.5,339
460.5,317.5,339
461.5,317.5,339
462.5,317.5,339
463.5,317.5,339
463.5,316.5,339
464.5,316.5,339
453.5,73.5,340
453.5,72.5,340
454.5,72.5,340
455.5,72.5,340
456.5,72.5,340
457.5,72.5,340
458.5,72.5,340
459.5,72.5,340
459.5,71.5,340
460.5,71.5,340
461.5,71.5,340
462.5,71.5,340
462.5,70.5,340
463.5,70.5,340
464.5,70.5,340
465.5,70.5,340
465.5,69.5,340
466.5,69.5,340
454.5,260.5,341
455.5,260.5,341
455.5,261.5,341
456.5,261.5,341
457.5,261.5,341
458.5,261.5,341
459.5,261.5,341
455.5,117.5,342
456.5,117.5,342
456.5,116.5,342
457.5,116.5,342
457.5,116.5,343
458.5,116.5,343
459.5,116.5,343
460.5,116.5,343
460.5,115.5,343
461.5,115.5,343
461.5,114.5,343
462.5,114.5,343
463.5,114.5,343
464.5,114.5,343
464.5,113.5,343
465.5,113.5,343
466.5,113.5,343
466.5,112.5,343
459.5,51.5,344
459.5,52.5,344
460.5,52.5,344
461.5,52.5,344
461.5,51.5,344
462.5,51.5,344
463.5,51.5,344
459.5,261.5,345
459.5,260.5,345
460.5,260.5,345
461.5,260.5,345
462.5,260.5,345
463.5,260.5,345
464.5,260.5,345
465.5,260.5,345
463.5,51.5,346
464.5,51.5,346
465.5,51.5,346
465.5,52.5,346
464.5,316.5,347
465.5,316.5,347
465.5,315.5,347
466.5,315.5,347
465.5,52.5,348
466.5,52.5,348
466.5,51.5,348
467.5,51.5,348
468.5,51.5,348
469.5,51.5,348
470.5,51.5,348
471.5,51.5,348
471.5,50.5,348
472.5,50.5,348
473.5,50.5,348
474.5,50.5,348
465.5,259.5,349
465.5,260.5,349
465.5,259.5,350
466.5,259.5,350
467.5,259.5,350
467.5,258.5,350
468.5,258.5,350
468.5,257.5,350
469.5,257.5,350
469.5,256.5,350
470.5,256.5,350
471.5,256.5,350
471.5,255.5,350
472.5,255.5,350
472.5,254.5,350
466.5,69.5,351
467.5,69.5,351
468.5,69.5,351
469.5,69.5,351
470.5,69.5,351
471.5,69.5,351
472.5,69.5,351
473.5,69.5,351
474.5,69.5,351
474.5,68.5,351
475.5,68.5,351
475.5,67.5,351
476.5,67.5,351
466.5,112.5,352
467.5,112.5,352
467.5,113.5,352
466.5,315.5,353
467.5,315.5,353
468.5,315.5,353
468.5,314.5,353
469.5,314.5,353
470.5,314.5,353
471.5,314.5,353
472.5,314.5,353
472.5,313.5,353
473.5,313.5,353
474.5,313.5,353
474.5,314.5,353
475.5,314.5,353
476.5,314.5,353
467.5,113.5,354
468.5,113.5,354
468.5,112.5,354
469.5,112.5,354
470.5,112.5,354
471.5,112.5,354
472.5,112.5,354
473.5,112.5,354
473.5,111.5,354
467.5,448.5,355
468.5,448.5,355
469.5,448.5,355
470.5,448.5,355
471.5,448.5,355
472.5,448.5,355
473.5,448.5,355
474.5,448.5,355
474.5,449.5,355
475.5,449.5,355
472.5,254.5,356
472.5,253.5,356
473.5,253.5,356
474.5,253.5,356
474.5,252.5,356
475.5,252.5,356
475.5,251.5,356
476.5,251.5,356
473.5,111.5,357
474.5,111.5,357
475.5,111.5,357
476.5,111.5,357
477.5,111.5,357
478.5,111.5,357
479.5,111.5,357
479.5,110.5,357
480.5,110.5,357
481.5,110.5,357
482.5,110.5,357
483.5,110.5,357
483.5,109.5,357
484.5,109.5,357
484.5,108.5,357
485.5,108.5,357
485.5,107.5,357
486.5,107.5,357
486.5,106.5,357
474.5,50.5,358
474.5,49.5,358
475.5,49.5,358
475.5,48.5,358
476.5,48.5,358
476.5,47.5,358
475.5,449.5,359
475.5,448.5,359
476.5,448.5,359
477.5,448.5,359
478.5,448.5,359
479.5,448.5,359
480.5,448.5,359
481.5,448.5,359
482.5,448.5,359
482.5,447.5,359
483.5,447.5,359
484.5,447.5,359
485.5,447.5,359
486.5,447.5,359
487.5,447.5,359
488.5,447.5,359
489.5,447.5,359
490.5,447.5,359
491.5,447.5,359
492.5,447.5,359
493.5,447.5,359
493.5,446.5,359
494.5,446.5,359
495.5,446.5,359
496.5,446.5,359
497.5,446.5,359
498.5,446.5,359
499.5,446.5,359
476.5,47.5,360
477.5,47.5,360
478.5,47.5,360
479.5,47.5,360
480.5,47.5,360
480.5,46.5,360
481.5,46.5,360
482.5,46.5,360
476.5,67.5,361
476.5,68.5,361
477.5,68.5,361
478.5,68.5,361
476.5,251.5,362
477.5,251.5,362
477.5,250.5,362
478.5,250.5,362
479.5,250.5,362
479.5,249.5,362
480.5,249.5,362
480.5,248.5,362
481.5,248.5,362
482.5,248.5,362
483.5,248.5,362
484.5,248.5,362
484.5,247.5,362
485.5,247.5,362
485.5,246.5,362
486.5,246.5,362
486.5,245.5,362
487.5,245.5,362
487.5,244.5,362
478.5,68.5,363
479.5,68.5,363
480.5,68.5,363
480.5,67.5,363
481.5,67.5,363
482.5,67.5,363
483.5,67.5,363
484.5,67.5,363
485.5,67.5,363
486.5,67.5,363
487.5,67.5,363
488.5,67.5,363
489.5,67.5,363
489.5,66.5,363
490.5,66.5,363
491.5,66.5,363
492.5,66.5,363
493.5,66.5,363
493.5,65.5,363
493.5,64.5,363
494.5,64.5,363
495.5,64.5,363
482.5,46.5,364
483.5,46.5,364
484.5,46.5,364
485.5,46.5,364
486.5,46.5,364
486.5,45.5,364
486.5,45.5,365
487.5,45.5,365
487.5,46.5,365
488.5,46.5,365
488.5,45.5,365
489.5,45.5,365
490.5,45.5,365
491.5,45.5,365
492.5,45.5,365
493.5,45.5,365
493.5,44.5,365
494.5,44.5,365
486.5,106.5,366
487.5,106.5,366
488.5,106.5,366
489.5,106.5,366
489.5,105.5,366
490.5,105.5,366
491.5,105.5,366
491.5,104.5,366
492.5,104.5,366
487.5,244.5,367
488.5,244.5,367
489.5,244.5,367
490.5,244.5,367
490.5,243.5,367
491.5,243.5,367
492.5,243.5,367
493.5,243.5,367
493.5,242.5,367
494.5,242.5,367
495.5,242.5,367
492.5,104.5,368
493.5,104.5,368
494.5,104.5,368
495.5,104.5,368
495.5,103.5,368
496.5,103.5,368
496.5,102.5,368
494.5,44.5,369
495.5,44.5,369
495.5,43.5,369
496.5,43.5,369
496.5,42.5,369
497.5,42.5,369
498.5,42.5,369
499.5,42.5,369
499.5,41.5,369
495.5,242.5,370
495.5,243.5,370
495.5,243.5,371
496.5,243.5,371
496.5,242.5,371
497.5,242.5,371
497.5,241.5,371
498.5,241.5,371
499.5,241.5,371
500.5,241.5,371
501.5,241.5,371
502.5,241.5,371
502.5,240.5,371
503.5,240.5,371
503.5,239.5,371
504.5,239.5,371
496.5,102.5,372
497.5,102.5,372
497.5,103.5,372
498.5,103.5,372
499.5,103.5,372
499.5,102.5,372
500.5,102.5,372
501.5,102.5,372
502.5,102.5,372
503.5,102.5,372
503.5,101.5,372
504.5,101.5,372
505.5,101.5,372
506.5,101.5,372
507.5,101.5,372
507.5,100.5,372
508.5,100.5,372
509.5,100.5,372
498.5,304.5,373
498.5,303.5,373
497.5,303.5,373
497.5,302.5,373
497.5,301.5,373
498.5,301.5,373
499.5,301.5,373
500.5,301.5,373
501.5,301.5,373
502.5,301.5,373
503.5,301.5,373
503.5,300.5,373
504.5,300.5,373
505.5,300.5,373
506.5,300.5,373
506.5,301.5,373
507.5,301.5,373
508.5,301.5,373
508.5,300.5,373
509.5,300.5,373
509.5,299.5,373
510.5,299.5,373
510.5,298.5,373
511.5,298.5,373
512.5,298.5,373
512.5,297.5,373
513.5,297.5,373
513.5,296.5,373
514.5,296.5,373
515.5,296.5,373
515.5,295.5,373
499.5,41.5,374
500.5,41.5,374
501.5,41.5,374
502.5,41.5,374
503.5,41.5,374
504.5,41.5,374
505.5,41.5,374
506.5,41.5,374
507.5,41.5,374
508.5,41.5,374
509.5,41.5,374
510.5,41.5,374
511.5,41.5,374
512.5,41.5,374
512.5,42.5,374
513.5,42.5,374
514.5,42.5,374
515.5,42.5,374
516.5,42.5,374
517.5,42.5,374
518.5,42.5,374
519.5,42.5,374
520.5,42.5,374
521.5,42.5,374
522.5,42.5,374
523.5,42.5,374
524.5,42.5,374
525.5,42.5,374
526.5,42.5,374
527.5,42.5,374
528.5,42.5,374
499.5,446.5,375
499.5,445.5,375
500.5,445.5,375
501.5,445.5,375
502.5,445.5,375
503.5,445.5,375
504.5,445.5,375
504.5,444.5,375
505.5,444.5,375
506.5,444.5,375
507.5,444.5,375
508.5,444.5,375
504.5,239.5,376
504.5,240.5,376
505.5,240.5,376
506.5,240.5,376
507.5,240.5,376
508.5,240.5,376
509.5,240.5,376
509.5,239.5,376
510.5,239.5,376
511.5,239.5,376
512.5,239.5,376
513.5,239.5,376
514.5,239.5,376
515.5,239.5,376
515.5,238.5,376
516.5,238.5,376
517.5,238.5,376
517.5,237.5,376
518.5,237.5,376
519.5,237.5,376
519.5,236.5,376
520.5,236.5,376
509.5,100.5,377
510.5,100.5,377
510.5,99.5,377
510.5,98.5,377
511.5,98.5,377
512.5,98.5,377
513.5,98.5,377
514.5,98.5,377
514.5,97.5,377
515.5,97.5,377
516.5,97.5,377
515.5,295.5,378
516.5,295.5,378
517.5,295.5,378
518.5,295.5,378
519.5,295.5,378
520.5,295.5,378
521.5,295.5,378
522.5,295.5,378
523.5,295.5,378
515.5,346.5,379
516.5,346.5,379
516.5,345.5,379
517.5,345.5,379
517.5,344.5,379
518.5,344.5,379
518.5,343.5,379
519.5,343.5,379
519.5,342.5,379
519.5,341.5,379
520.5,341.5,379
520.5,340.5,379
521.5,340.5,379
521.5,339.5,379
521.5,338.5,379
522.5,338.5,379
522.5,337.5,379
523.5,337.5,379
523.5,336.5,379
523.5,335.5,379
524.5,335.5,379
524.5,334.5,379
524.5,333.5,379
525.5,333.5,379
525.5,332.5,379
526.5,332.5,379
526.5,331.5,379
526.5,330.5,379
527.5,330.5,379
527.5,329.5,379
528.5,329.5,379
528.5,328.5,379
520.5,236.5,380
521.5,236.5,380
521.5,235.5,380
522.5,235.5,380
522.5,234.5,380
523.5,234.5,380
524.5,234.5,380
521.5,439.5,381
521.5,440.5,381
521.5,441.5,381
522.5,441.5,381
522.5,442.5,381
523.5,442.5,381
523.5,443.5,381
524.5,443.5,381
525.5,443.5,381
526.5,443.5,381
526.5,442.5,381
527.5,442.5,381
528.5,442.5,381
528.5,443.5,381
529.5,443.5,381
530.5,443.5,381
531.5,443.5,381
531.5,444.5,381
532.5,444.5,381
533.5,444.5,381
534.5,444.5,381
521.5,439.5,382
522.5,439.5,382
523.5,439.5,382
523.5,438.5,382
524.5,438.5,382
525.5,438.5,382
525.5,437.5,382
526.5,437.5,382
527.5,437.5,382
527.5,436.5,382
528.5,436.5,382
529.5,436.5,382
529.5,435.5,382
530.5,435.5,382
531.5,435.5,382
531.5,434.5,382
532.5,434.5,382
533.5,434.5,382
533.5,433.5,382
534.5,433.5,382
534.5,432.5,382
535.5,432.5,382
536.5,432.5,382
536.5,431.5,382
537.5,431.5,382
538.5,431.5,382
538.5,430.5,382
539.5,430.5,382
539.5,429.5,382
540.5,429.5,382
541.5,429.5,382
541.5,428.5,382
542.5,428.5,382
542.5,427.5,382
543.5,427.5,382
544.5,427.5,382
544.5,426.5,382
545.5,426.5,382
545.5,425.5,382
546.5,425.5,382
522.5,52.5,383
522.5,51.5,383
523.5,51.5,383
524.5,51.5,383
524.5,50.5,383
525.5,50.5,383
526.5,50.5,383
527.5,50.5,383
527.5,49.5,383
528.5,49.5,383
528.5,48.5,383
528.5,47.5,383
529.5,47.5,383
530.5,47.5,383
530.5,46.5,383
531.5,46.5,383
532.5,46.5,383
522.5,315.5,384
522.5,316.5,384
522.5,317.5,384
522.5,318.5,384
523.5,318.5,384
523.5,319.5,384
523.5,320.5,384
523.5,321.5,384
523.5,322.5,384
523.5,323.5,384
524.5,323.5,384
525.5,323.5,384
525.5,324.5,384
526.5,324.5,384
526.5,325.5,384
526.5,326.5,384
526.5,327.5,384
527.5,327.5,384
527.5,328.5,384
528.5,328.5,384
522.5,315.5,385
523.5,315.5,385
523.5,314.5,385
524.5,314.5,385
525.5,314.5,385
526.5,314.5,385
526.5,315.5,385
527.5,315.5,385
528.5,315.5,385
529.5,315.5,385
530.5,315.5,385
531.5,315.5,385
531.5,314.5,385
532.5,314.5,385
533.5,314.5,385
533.5,315.5,385
534.5,315.5,385
535.5,315.5,385
523.5,295.5,386
523.5,294.5,386
524.5,294.5,386
525.5,294.5,386
526.5,294.5,386
526.5,293.5,386
527.5,293.5,386
527.5,292.5,386
528.5,292.5,386
528.5,293.5,386
529.5,293.5,386
524.5,234.5,387
525.5,234.5,387
525.5,233.5,387
526.5,233.5,387
526.5,232.5,387
527.5,232.5,387
527.5,233.5,387
528.5,233.5,387
528.5,232.5,387
529.5,232.5,387
530.5,232.5,387
531.5,232.5,387
528.5,42.5,388
528.5,43.5,388
529.5,43.5,388
529.5,44.5,388
530.5,44.5,388
531.5,44.5,388
531.5,45.5,388
532.5,45.5,388
532.5,46.5,388
528.5,328.5,389
528.5,327.5,389
529.5,327.5,389
529.5,326.5,389
529.5,325.5,389
530.5,325.5,389
530.5,324.5,389
531.5,324.5,389
531.5,323.5,389
531.5,322.5,389
532.5,322.5,389
532.5,321.5,389
532.5,320.5,389
533.5,320.5,389
533.5,319.5,389
534.5,319.5,389
534.5,318.5,389
534.5,317.5,389
535.5,317.5,389
535.5,316.5,389
535.5,315.5,389
529.5,293.5,390
529.5,292.5,390
530.5,292.5,390
530.5,291.5,390
531.5,291.5,390
531.5,290.5,390
532.5,290.5,390
532.5,289.5,390
529.5,293.5,391
530.5,293.5,391
530.5,294.5,391
530.5,295.5,391
530.5,296.5,391
530.5,297.5,391
530.5,298.5,391
529.5,298.5,391
529.5,299.5,391
530.5,299.5,391
530.5,300.5,391
531.5,300.5,391
532.5,300.5,391
532.5,301.5,391
533.5,301.5,391
534.5,301.5,391
535.5,301.5,391
536.5,301.5,391
536.5,302.5,391
537.5,302.5,391
537.5,303.5,391
538.5,303.5,391
539.5,303.5,391
540.5,303.5,391
541.5,303.5,391
531.5,232.5,392
532.5,232.5,392
533.5,232.5,392
534.5,232.5,392
535.5,232.5,392
536.5,232.5,392
536.5,233.5,392
537.5,233.5,392
537.5,232.5,392
538.5,232.5,392
539.5,232.5,392
540.5,232.5,392
541.5,232.5,392
532.5,289.5,393
533.5,289.5,393
534.5,289.5,393
535.5,289.5,393
536.5,289.5,393
537.5,289.5,393
537.5,288.5,393
538.5,288.5,393
539.5,288.5,393
539.5,287.5,393
540.5,287.5,393
541.5,287.5,393
542.5,287.5,393
543.5,287.5,393
543.5,288.5,393
544.5,288.5,393
545.5,288.5,393
534.5,444.5,394
535.5,444.5,394
536.5,444.5,394
536.5,443.5,394
537.5,443.5,394
537.5,444.5,394
538.5,444.5,394
539.5,444.5,394
540.5,444.5,394
540.5,443.5,394
541.5,443.5,394
542.5,443.5,394
543.5,443.5,394
543.5,444.5,394
535.5,315.5,395
536.5,315.5,395
536.5,314.5,395
536.5,313.5,395
537.5,313.5,395
537.5,312.5,395
537.5,311.5,395
538.5,311.5,395
538.5,311.5,396
538.5,310.5,396
538.5,309.5,396
538.5,308.5,396
539.5,308.5,396
539.5,307.5,396
539.5,306.5,396
540.5,306.5,396
540.5,305.5,396
540.5,304.5,396
541.5,304.5,396
541.5,303.5,396
541.5,232.5,397
542.5,232.5,397
541.5,303.5,398
541.5,302.5,398
541.5,301.5,398
542.5,301.5,398
542.5,300.5,398
542.5,299.5,398
543.5,299.5,398
543.5,298.5,398
542.5,232.5,399
542.5,233.5,399
543.5,233.5,399
544.5,233.5,399
545.5,233.5,399
545.5,234.5,399
546.5,234.5,399
547.5,234.5,399
548.5,234.5,399
549.5,234.5,399
550.5,234.5,399
550.5,235.5,399
551.5,235.5,399
552.5,235.5,399
552.5,234.5,399
553.5,234.5,399
554.5,234.5,399
554.5,235.5,399
555.5,235.5,399
556.5,235.5,399
543.5,298.5,400
543.5,297.5,400
543.5,296.5,400
544.5,296.5,400
544.5,295.5,400
544.5,294.5,400
544.5,293.5,400
545.5,293.5,400
545.5,292.5,400
545.5,291.5,400
545.5,290.5,400
545.5,289.5,400
545.5,288.5,400
543.5,444.5,401
544.5,444.5,401
544.5,443.5,401
545.5,443.5,401
545.5,442.5,401
546.5,442.5,401
547.5,442.5,401
544.5,261.5,402
544.5,260.5,402
545.5,260.5,402
545.5,259.5,402
546.5,259.5,402
546.5,258.5,402
546.5,257.5,402
546.5,256.5,402
547.5,256.5,402
548.5,256.5,402
549.5,256.5,402
550.5,256.5,402
550.5,257.5,402
551.5,257.5,402
551.5,256.5,402
552.5,256.5,402
552.5,257.5,402
553.5,257.5,402
544.5,261.5,403
545.5,261.5,403
545.5,262.5,403
545.5,263.5,403
546.5,263.5,403
546.5,264.5,403
547.5,264.5,403
547.5,265.5,403
548.5,265.5,403
548.5,264.5,403
549.5,264.5,403
550.5,264.5,403
551.5,264.5,403
551.5,265.5,403
552.5,265.5,403
552.5,266.5,403
552.5,267.5,403
545.5,288.5,404
545.5,287.5,404
546.5,287.5,404
546.5,286.5,404
547.5,286.5,404
547.5,285.5,404
547.5,284.5,404
547.5,283.5,404
548.5,283.5,404
546.5,425.5,405
546.5,424.5,405
547.5,424.5,405
547.5,423.5,405
547.5,423.5,406
548.5,423.5,406
549.5,423.5,406
549.5,422.5,406
550.5,422.5,406
550.5,421.5,406
551.5,421.5,406
552.5,421.5,406
552.5,420.5,406
553.5,420.5,406
553.5,419.5,406
554.5,419.5,406
554.5,418.5,406
555.5,418.5,406
556.5,418.5,406
556.5,417.5,406
557.5,417.5,406
557.5,416.5,406
558.5,416.5,406
547.5,442.5,407
548.5,442.5,407
549.5,442.5,407
550.5,442.5,407
551.5,442.5,407
552.5,442.5,407
552.5,441.5,407
553.5,441.5,407
554.5,441.5,407
555.5,441.5,407
556.5,441.5,407
557.5,441.5,407
548.5,283.5,408
548.5,282.5,408
548.5,281.5,408
549.5,281.5,408
549.5,280.5,408
549.5,279.5,408
549.5,278.5,408
550.5,278.5,408
550.5,277.5,408
550.5,276.5,408
550.5,275.5,408
550.5,274.5,408
551.5,274.5,408
551.5,273.5,408
551.5,273.5,409
551.5,272.5,409
551.5,271.5,409
552.5,271.5,409
552.5,270.5,409
552.5,269.5,409
552.5,268.5,409
552.5,267.5,409
552.5,98.5,410
553.5,98.5,410
554.5,98.5,410
554.5,99.5,410
555.5,99.5,410
556.5,99.5,410
556.5,100.5,410
552.5,267.5,411
553.5,267.5,411
553.5,266.5,411
553.5,265.5,411
553.5,264.5,411
554.5,264.5,411
553.5,257.5,412
553.5,256.5,412
554.5,256.5,412
554.5,255.5,412
554.5,254.5,412
554.5,253.5,412
555.5,253.5,412
555.5,252.5,412
555.5,251.5,412
555.5,250.5,412
556.5,250.5,412
556.5,249.5,412
556.5,248.5,412
556.5,247.5,412
556.5,246.5,412
553.5,257.5,413
554.5,257.5,413
554.5,258.5,413
554.5,259.5,413
554.5,260.5,413
554.5,261.5,413
554.5,262.5,413
554.5,263.5,413
554.5,264.5,413
556.5,100.5,414
557.5,100.5,414
558.5,100.5,414
558.5,99.5,414
559.5,99.5,414
556.5,235.5,415
556.5,234.5,415
557.5,234.5,415
557.5,233.5,415
557.5,232.5,415
557.5,231.5,415
557.5,230.5,415
557.5,229.5,415
558.5,229.5,415
558.5,228.5,415
558.5,227.5,415
558.5,226.5,415
558.5,225.5,415
558.5,224.5,415
558.5,223.5,415
558.5,222.5,415
558.5,221.5,415
558.5,220.5,415
558.5,219.5,415
556.5,235.5,416
557.5,235.5,416
557.5,236.5,416
557.5,237.5,416
557.5,238.5,416
556.5,246.5,417
556.5,245.5,417
556.5,244.5,417
556.5,243.5,417
556.5,242.5,417
556.5,241.5,417
557.5,241.5,417
557.5,240.5,417
557.5,239.5,417
557.5,238.5,417
557.5,218.5,418
558.5,218.5,418
558.5,219.5,418
557.5,441.5,419
558.5,441.5,419
558.5,440.5,419
559.5,440.5,419
560.5,440.5,419
561.5,440.5,419
562.5,440.5,419
563.5,440.5,419
563.5,439.5,419
564.5,439.5,419
564.5,438.5,419
558.5,416.5,420
558.5,415.5,420
559.5,415.5,420
559.5,414.5,420
560.5,414.5,420
560.5,413.5,420
561.5,413.5,420
561.5,412.5,420
562.5,412.5,420
562.5,411.5,420
563.5,411.5,420
563.5,410.5,420
559.5,99.5,421
559.5,100.5,421
559.5,100.5,422
559.5,101.5,422
560.5,101.5,422
560.5,102.5,422
561.5,102.5,422
562.5,102.5,422
562.5,103.5,422
563.5,103.5,422
564.5,103.5,422
564.5,104.5,422
565.5,104.5,422
566.5,104.5,422
567.5,104.5,422
567.5,105.5,422
568.5,105.5,422
569.5,105.5,422
569.5,106.5,422
570.5,106.5,422
571.5,106.5,422
571.5,107.5,422
572.5,107.5,422
559.5,100.5,423
560.5,100.5,423
561.5,100.5,423
561.5,99.5,423
562.5,99.5,423
562.5,98.5,423
563.5,98.5,423
563.5,97.5,423
563.5,97.5,424
564.5,97.5,424
564.5,96.5,424
565.5,96.5,424
566.5,96.5,424
567.5,96.5,424
567.5,95.5,424
563.5,410.5,425
564.5,410.5,425
565.5,410.5,425
565.5,409.5,425
566.5,409.5,425
564.5,438.5,426
565.5,438.5,426
565.5,439.5,426
566.5,439.5,426
567.5,439.5,426
568.5,439.5,426
569.5,439.5,426
569.5,438.5,426
570.5,438.5,426
571.5,438.5,426
572.5,438.5,426
573.5,438.5,426
566.5,409.5,427
566.5,408.5,427
566.5,407.5,427
567.5,407.5,427
568.5,407.5,427
568.5,406.5,427
569.5,406.5,427
567.5,95.5,428
568.5,95.5,428
568.5,96.5,428
569.5,96.5,428
570.5,96.5,428
570.5,95.5,428
571.5,95.5,428
572.5,95.5,428
573.5,95.5,428
574.5,95.5,428
575.5,95.5,428
576.5,95.5,428
577.5,95.5,428
577.5,94.5,428
569.5,406.5,429
569.5,405.5,429
569.5,404.5,429
570.5,404.5,429
570.5,403.5,429
571.5,403.5,429
571.5,402.5,429
572.5,402.5,429
572.5,401.5,429
573.5,401.5,429
573.5,400.5,429
574.5,400.5,429
574.5,399.5,429
575.5,399.5,429
572.5,107.5,430
573.5,107.5,430
574.5,107.5,430
574.5,108.5,430
575.5,108.5,430
576.5,108.5,430
576.5,109.5,430
577.5,109.5,430
578.5,109.5,430
579.5,109.5,430
579.5,110.5,430
580.5,110.5,430
581.5,110.5,430
582.5,110.5,430
573.5,438.5,431
573.5,437.5,431
574.5,437.5,431
574.5,436.5,431
575.5,436.5,431
575.5,399.5,432
575.5,398.5,432
576.5,398.5,432
576.5,397.5,432
577.5,397.5,432
577.5,396.5,432
578.5,396.5,432
578.5,395.5,432
579.5,395.5,432
579.5,394.5,432
580.5,394.5,432
575.5,436.5,433
575.5,437.5,433
576.5,437.5,433
577.5,437.5,433
578.5,437.5,433
578.5,436.5,433
579.5,436.5,433
580.5,436.5,433
581.5,436.5,433
582.5,436.5,433
582.5,435.5,433
583.5,435.5,433
584.5,435.5,433
585.5,435.5,433
586.5,435.5,433
586.5,434.5,433
587.5,434.5,433
577.5,94.5,434
578.5,94.5,434
578.5,95.5,434
579.5,95.5,434
580.5,95.5,434
581.5,95.5,434
582.5,95.5,434
583.5,95.5,434
584.5,95.5,434
585.5,95.5,434
586.5,95.5,434
586.5,94.5,434
587.5,94.5,434
588.5,94.5,434
589.5,94.5,434
590.5,94.5,434
590.5,95.5,434
591.5,95.5,434
580.5,394.5,435
580.5,393.5,435
580.5,392.5,435
581.5,392.5,435
581.5,391.5,435
582.5,391.5,435
582.5,390.5,435
583.5,390.5,435
583.5,389.5,435
584.5,389.5,435
584.5,388.5,435
585.5,388.5,435
585.5,387.5,435
585.5,386.5,435
586.5,386.5,435
586.5,385.5,435
587.5,385.5,435
587.5,384.5,435
588.5,384.5,435
588.5,383.5,435
589.5,383.5,435
589.5,382.5,435
590.5,382.5,435
590.5,381.5,435
591.5,381.5,435
591.5,380.5,435
592.5,380.5,435
592.5,379.5,435
593.5,379.5,435
582.5,110.5,436
583.5,110.5,436
583.5,111.5,436
584.5,111.5,436
585.5,111.5,436
586.5,111.5,436
586.5,112.5,436
587.5,112.5,436
588.5,112.5,436
588.5,113.5,436
589.5,113.5,436
590.5,113.5,436
590.5,114.5,436
591.5,114.5,436
587.5,434.5,437
588.5,434.5,437
589.5,434.5,437
589.5,433.5,437
590.5,433.5,437
590.5,433.5,438
591.5,433.5,438
592.5,433.5,438
593.5,433.5,438
593.5,432.5,438
594.5,432.5,438
595.5,432.5,438
591.5,95.5,439
592.5,95.5,439
592.5,94.5,439
593.5,94.5,439
594.5,94.5,439
595.5,94.5,439
596.5,94.5,439
597.5,94.5,439
598.5,94.5,439
599.5,94.5,439
600.5,94.5,439
601.5,94.5,439
602.5,94.5,439
602.5,93.5,439
603.5,93.5,439
604.5,93.5,439
605.5,93.5,439
605.5,92.5,439
591.5,114.5,440
592.5,114.5,440
592.5,115.5,440
593.5,115.5,440
594.5,115.5,440
595.5,115.5,440
595.5,116.5,440
596.5,116.5,440
596.5,117.5,440
597.5,117.5,440
598.5,117.5,440
598.5,118.5,440
599.5,118.5,440
600.5,118.5,440
600.5,117.5,440
601.5,117.5,440
593.5,379.5,441
594.5,379.5,441
594.5,380.5,441
595.5,380.5,441
595.5,379.5,441
596.5,379.5,441
596.5,380.5,441
597.5,380.5,441
597.5,379.5,441
598.5,379.5,441
598.5,380.5,441
599.5,380.5,441
600.5,380.5,441
601.5,380.5,441
601.5,379.5,441
602.5,379.5,441
595.5,432.5,442
596.5,432.5,442
596.5,431.5,442
597.5,431.5,442
598.5,431.5,442
599.5,431.5,442
600.5,431.5,442
600.5,430.5,442
601.5,430.5,442
602.5,430.5,442
603.5,430.5,442
601.5,117.5,443
601.5,116.5,443
602.5,116.5,443
602.5,115.5,443
603.5,115.5,443
604.5,115.5,443
604.5,114.5,443
605.5,114.5,443
606.5,114.5,443
607.5,114.5,443
608.5,114.5,443
608.5,113.5,443
609.5,113.5,443
610.5,113.5,443
611.5,113.5,443
612.5,113.5,443
613.5,113.5,443
614.5,113.5,443
615.5,113.5,443
616.5,113.5,443
617.5,113.5,443
618.5,113.5,443
618.5,112.5,443
619.5,112.5,443
602.5,379.5,444
603.5,379.5,444
604.5,379.5,444
604.5,378.5,444
605.5,378.5,444
606.5,378.5,444
606.5,377.5,444
607.5,377.5,444
608.5,377.5,444
608.5,376.5,444
609.5,376.5,444
610.5,376.5,444
611.5,376.5,444
611.5,375.5,444
612.5,375.5,444
603.5,430.5,445
604.5,430.5,445
604.5,429.5,445
605.5,429.5,445
606.5,429.5,445
607.5,429.5,445
607.5,428.5,445
605.5,92.5,446
606.5,92.5,446
606.5,93.5,446
607.5,93.5,446
607.5,92.5,446
608.5,92.5,446
609.5,92.5,446
610.5,92.5,446
611.5,92.5,446
612.5,92.5,446
613.5,92.5,446
614.5,92.5,446
615.5,92.5,446
616.5,92.5,446
616.5,93.5,446
607.5,428.5,447
608.5,428.5,447
609.5,428.5,447
609.5,428.5,448
610.5,428.5,448
610.5,427.5,448
611.5,427.5,448
612.5,427.5,448
613.5,427.5,448
613.5,426.5,448
614.5,426.5,448
615.5,426.5,448
616.5,426.5,448
617.5,426.5,448
618.5,426.5,448
618.5,425.5,448
619.5,425.5,448
620.5,425.5,448
620.5,424.5,448
621.5,424.5,448
612.5,375.5,449
613.5,375.5,449
614.5,375.5,449
614.5,374.5,449
615.5,374.5,449
616.5,374.5,449
616.5,373.5,449
617.5,373.5,449
617.5,372.5,449
616.5,93.5,450
617.5,93.5,450
617.5,92.5,450
618.5,92.5,450
619.5,92.5,450
620.5,92.5,450
621.5,92.5,450
622.5,92.5,450
623.5,92.5,450
623.5,91.5,450
624.5,91.5,450
624.5,90.5,450
625.5,90.5,450
626.5,90.5,450
626.5,89.5,450
627.5,89.5,450
617.5,372.5,451
618.5,372.5,451
619.5,372.5,451
620.5,372.5,451
621.5,372.5,451
621.5,371.5,451
622.5,371.5,451
623.5,371.5,451
619.5,112.5,452
620.5,112.5,452
621.5,112.5,452
622.5,112.5,452
622.5,111.5,452
623.5,111.5,452
624.5,111.5,452
625.5,111.5,452
626.5,111.5,452
627.5,111.5,452
628.5,111.5,452
629.5,111.5,452
629.5,110.5,452
630.5,110.5,452
631.5,110.5,452
632.5,110.5,452
632.5,109.5,452
633.5,109.5,452
634.5,109.5,452
635.5,109.5,452
636.5,109.5,452
636.5,110.5,452
637.5,110.5,452
621.5,424.5,453
622.5,424.5,453
623.5,424.5,453
623.5,423.5,453
624.5,423.5,453
625.5,423.5,453
623.5,371.5,454
623.5,370.5,454
624.5,370.5,454
625.5,370.5,454
625.5,369.5,454
626.5,369.5,454
627.5,369.5,454
625.5,423.5,455
626.5,423.5,455
626.5,422.5,455
627.5,422.5,455
628.5,422.5,455
629.5,422.5,455
629.5,421.5,455
630.5,421.5,455
631.5,421.5,455
632.5,421.5,455
633.5,421.5,455
633.5,420.5,455
634.5,420.5,455
635.5,420.5,455
636.5,420.5,455
636.5,419.5,455
637.5,419.5,455
637.5,418.5,455
638.5,418.5,455
627.5,89.5,456
628.5,89.5,456
628.5,88.5,456
629.5,88.5,456
630.5,88.5,456
630.5,87.5,456
631.5,87.5,456
631.5,86.5,456
632.5,86.5,456
632.5,85.5,456
633.5,85.5,456
634.5,85.5,456
635.5,85.5,456
636.5,85.5,456
637.5,85.5,456
637.5,84.5,456
638.5,84.5,456
638.5,85.5,456
627.5,369.5,457
628.5,369.5,457
628.5,368.5,457
629.5,368.5,457
629.5,367.5,457
629.5,367.5,458
630.5,367.5,458
631.5,367.5,458
632.5,367.5,458
632.5,366.5,458
633.5,366.5,458
633.5,365.5,458
634.5,365.5,458
634.5,365.5,459
635.5,365.5,459
635.5,364.5,459
636.5,364.5,459
637.5,364.5,459
638.5,364.5,459
638.5,363.5,459
639.5,363.5,459
640.5,363.5,459
640.5,362.5,459
641.5,362.5,459
642.5,362.5,459
642.5,361.5,459
643.5,361.5,459
643.5,360.5,459
644.5,360.5,459
637.5,110.5,460
637.5,109.5,460
638.5,109.5,460
639.5,109.5,460
640.5,109.5,460
640.5,108.5,460
641.5,108.5,460
641.5,107.5,460
638.5,85.5,461
639.5,85.5,461
639.5,84.5,461
640.5,84.5,461
640.5,83.5,461
641.5,83.5,461
638.5,418.5,462
639.5,418.5,462
640.5,418.5,462
640.5,417.5,462
641.5,417.5,462
639.5,229.5,463
639.5,230.5,463
639.5,231.5,463
639.5,232.5,463
639.5,233.5,463
639.5,234.5,463
640.5,234.5,463
640.5,235.5,463
641.5,83.5,464
642.5,83.5,464
643.5,83.5,464
644.5,83.5,464
644.5,82.5,464
645.5,82.5,464
646.5,82.5,464
647.5,82.5,464
648.5,82.5,464
649.5,82.5,464
650.5,82.5,464
651.5,82.5,464
652.5,82.5,464
653.5,82.5,464
654.5,82.5,464
655.5,82.5,464
656.5,82.5,464
656.5,81.5,464
657.5,81.5,464
658.5,81.5,464
659.5,81.5,464
660.5,81.5,464
641.5,107.5,465
642.5,107.5,465
642.5,108.5,465
643.5,108.5,465
644.5,108.5,465
645.5,108.5,465
641.5,417.5,466
642.5,417.5,466
643.5,417.5,466
643.5,416.5,466
644.5,416.5,466
645.5,416.5,466
646.5,416.5,466
644.5,360.5,467
645.5,360.5,467
646.5,360.5,467
645.5,108.5,468
645.5,107.5,468
646.5,107.5,468
647.5,107.5,468
648.5,107.5,468
649.5,107.5,468
650.5,107.5,468
650.5,106.5,468
651.5,106.5,468
652.5,106.5,468
653.5,106.5,468
654.5,106.5,468
655.5,106.5,468
656.5,106.5,468
656.5,105.5,468
657.5,105.5,468
658.5,105.5,468
659.5,105.5,468
660.5,105.5,468
646.5,359.5,469
646.5,360.5,469
646.5,359.5,470
647.5,359.5,470
648.5,359.5,470
648.5,358.5,470
649.5,358.5,470
650.5,358.5,470
650.5,357.5,470
651.5,357.5,470
652.5,357.5,470
652.5,356.5,470
653.5,356.5,470
646.5,416.5,471
646.5,415.5,471
647.5,415.5,471
647.5,415.5,472
648.5,415.5,472
648.5,414.5,472
649.5,414.5,472
650.5,414.5,472
650.5,413.5,472
651.5,413.5,472
651.5,413.5,473
651.5,414.5,473
651.5,414.5,474
652.5,414.5,474
652.5,413.5,474
653.5,413.5,474
654.5,413.5,474
654.5,412.5,474
655.5,412.5,474
656.5,412.5,474
657.5,412.5,474
657.5,411.5,474
658.5,411.5,474
659.5,411.5,474
660.5,411.5,474
660.5,410.5,474
661.5,410.5,474
662.5,410.5,474
653.5,356.5,475
654.5,356.5,475
654.5,355.5,475
655.5,355.5,475
656.5,355.5,475
656.5,354.5,475
657.5,354.5,475
657.5,354.5,476
658.5,354.5,476
658.5,353.5,476
659.5,353.5,476
659.5,352.5,476
660.5,352.5,476
661.5,352.5,476
662.5,352.5,476
662.5,351.5,476
663.5,351.5,476
664.5,351.5,476
664.5,350.5,476
665.5,350.5,476
665.5,349.5,476
666.5,349.5,476
667.5,349.5,476
668.5,349.5,476
668.5,348.5,476
669.5,348.5,476
669.5,347.5,476
670.5,347.5,476
658.5,237.5,477
658.5,238.5,477
658.5,239.5,477
658.5,240.5,477
658.5,241.5,477
658.5,242.5,477
658.5,243.5,477
659.5,243.5,477
659.5,244.5,477
659.5,245.5,477
659.5,246.5,477
660.5,246.5,477
660.5,247.5,477
661.5,247.5,477
661.5,248.5,477
661.5,249.5,477
662.5,249.5,477
662.5,250.5,477
662.5,251.5,477
662.5,252.5,477
658.5,237.5,478
659.5,237.5,478
659.5,236.5,478
660.5,236.5,478
660.5,235.5,478
661.5,235.5,478
660.5,81.5,479
661.5,81.5,479
662.5,81.5,479
663.5,81.5,479
664.5,81.5,479
665.5,81.5,479
666.5,81.5,479
666.5,80.5,479
667.5,80.5,479
660.5,105.5,480
661.5,105.5,480
662.5,105.5,480
662.5,104.5,480
663.5,104.5,480
664.5,104.5,480
665.5,104.5,480
665.5,103.5,480
666.5,103.5,480
667.5,103.5,480
667.5,102.5,480
668.5,102.5,480
669.5,102.5,480
669.5,101.5,480
670.5,101.5,480
662.5,252.5,481
663.5,252.5,481
664.5,252.5,481
664.5,253.5,481
665.5,253.5,481
666.5,253.5,481
666.5,254.5,481
667.5,254.5,481
667.5,255.5,481
668.5,255.5,481
669.5,255.5,481
669.5,256.5,481
670.5,256.5,481
671.5,256.5,481
671.5,257.5,481
662.5,409.5,482
662.5,410.5,482
662.5,409.5,483
663.5,409.5,483
663.5,408.5,483
664.5,408.5,483
664.5,408.5,484
665.5,408.5,484
665.5,408.5,485
666.5,408.5,485
667.5,408.5,485
667.5,407.5,485
668.5,407.5,485
669.5,407.5,485
669.5,406.5,485
670.5,406.5,485
671.5,406.5,485
667.5,80.5,486
667.5,81.5,486
668.5,81.5,486
669.5,81.5,486
670.5,81.5,486
671.5,81.5,486
672.5,81.5,486
673.5,81.5,486
674.5,81.5,486
675.5,81.5,486
676.5,81.5,486
670.5,100.5,487
670.5,99.5,487
670.5,98.5,487
670.5,97.5,487
670.5,96.5,487
670.5,95.5,487
669.5,95.5,487
669.5,94.5,487
670.5,94.5,487
671.5,94.5,487
671.5,93.5,487
672.5,93.5,487
672.5,92.5,487
673.5,92.5,487
674.5,92.5,487
675.5,92.5,487
675.5,91.5,487
676.5,91.5,487
677.5,91.5,487
678.5,91.5,487
679.5,91.5,487
680.5,91.5,487
680.5,90.5,487
681.5,90.5,487
682.5,90.5,487
683.5,90.5,487
684.5,90.5,487
685.5,90.5,487
685.5,89.5,487
686.5,89.5,487
687.5,89.5,487
688.5,89.5,487
689.5,89.5,487
670.5,100.5,488
670.5,101.5,488
670.5,347.5,489
671.5,347.5,489
671.5,346.5,489
672.5,346.5,489
672.5,345.5,489
673.5,345.5,489
674.5,345.5,489
674.5,344.5,489
675.5,344.5,489
671.5,257.5,490
672.5,257.5,490
673.5,257.5,490
674.5,257.5,490
675.5,257.5,490
676.5,257.5,490
677.5,257.5,490
678.5,257.5,490
679.5,257.5,490
671.5,406.5,491
672.5,406.5,491
672.5,405.5,491
673.5,405.5,491
674.5,405.5,491
675.5,405.5,491
676.5,405.5,491
675.5,344.5,492
676.5,344.5,492
676.5,81.5,493
677.5,81.5,493
678.5,81.5,493
679.5,81.5,493
680.5,81.5,493
681.5,81.5,493
682.5,81.5,493
683.5,81.5,493
683.5,82.5,493
684.5,82.5,493
685.5,82.5,493
686.5,82.5,493
687.5,82.5,493
688.5,82.5,493
689.5,82.5,493
689.5,83.5,493
689.5,84.5,493
690.5,84.5,493
690.5,85.5,493
691.5,85.5,493
691.5,86.5,493
676.5,344.5,494
676.5,343.5,494
677.5,343.5,494
677.5,342.5,494
678.5,342.5,494
679.5,342.5,494
679.5,341.5,494
680.5,341.5,494
676.5,405.5,495
676.5,404.5,495
677.5,404.5,495
677.5,403.5,495
678.5,403.5,495
678.5,402.5,495
679.5,402.5,495
680.5,402.5,495
681.5,402.5,495
681.5,401.5,495
682.5,401.5,495
683.5,401.5,495
680.5,341.5,496
681.5,341.5,496
681.5,340.5,496
682.5,340.5,496
683.5,340.5,496
683.5,339.5,496
684.5,339.5,496
684.5,338.5,496
683.5,401.5,497
684.5,401.5,497
684.5,400.5,497
685.5,400.5,497
684.5,338.5,498
685.5,338.5,498
686.5,338.5,498
686.5,337.5,498
687.5,337.5,498
687.5,336.5,498
688.5,336.5,498
688.5,335.5,498
689.5,335.5,498
685.5,400.5,499
686.5,400.5,499
687.5,400.5,499
687.5,399.5,499
688.5,399.5,499
688.5,398.5,499
689.5,398.5,499
689.5,89.5,500
689.5,88.5,500
689.5,87.5,500
690.5,87.5,500
690.5,86.5,500
691.5,86.5,500
689.5,335.5,501
690.5,335.5,501
690.5,334.5,501
691.5,334.5,501
689.5,398.5,502
690.5,398.5,502
690.5,397.5,502
691.5,397.5,502
692.5,397.5,502
692.5,396.5,502
693.5,396.5,502
691.5,334.5,503
692.5,334.5,503
692.5,333.5,503
693.5,333.5,503
693.5,332.5,503
694.5,332.5,503
695.5,332.5,503
695.5,331.5,503
696.5,331.5,503
696.5,330.5,503
697.5,330.5,503
698.5,330.5,503
698.5,329.5,503
699.5,329.5,503
699.5,328.5,503
700.5,328.5,503
701.5,328.5,503
693.5,396.5,504
694.5,396.5,504
695.5,396.5,504
695.5,395.5,504
696.5,395.5,504
697.5,395.5,504
697.5,394.5,504
698.5,394.5,504
699.5,394.5,504
699.5,393.5,504
699.5,393.5,505
700.5,393.5,505
701.5,393.5,505
702.5,393.5,505
702.5,392.5,505
703.5,392.5,505
701.5,328.5,506
702.5,328.5,506
702.5,327.5,506
702.5,326.5,506
703.5,326.5,506
703.5,325.5,506
703.5,325.5,507
704.5,325.5,507
705.5,325.5,507
705.5,324.5,507
706.5,324.5,507
707.5,324.5,507
707.5,323.5,507
708.5,323.5,507
709.5,323.5,507
709.5,322.5,507
710.5,322.5,507
710.5,321.5,507
703.5,392.5,508
704.5,392.5,508
704.5,391.5,508
705.5,391.5,508
706.5,391.5,508
706.5,390.5,508
707.5,390.5,508
708.5,390.5,508
708.5,390.5,509
709.5,390.5,509
709.5,389.5,509
710.5,389.5,509
711.5,389.5,509
711.5,388.5,509
712.5,388.5,509
710.5,321.5,510
711.5,321.5,510
712.5,321.5,510
712.5,320.5,510
713.5,320.5,510
712.5,388.5,511
713.5,388.5,511
713.5,387.5,511
714.5,387.5,511
715.5,387.5,511
713.5,320.5,512
713.5,319.5,512
714.5,319.5,512
714.5,318.5,512
715.5,318.5,512
716.5,318.5,512
716.5,317.5,512
717.5,317.5,512
717.5,316.5,512
718.5,316.5,512
718.5,315.5,512
719.5,315.5,512
720.5,315.5,512
720.5,314.5,512
721.5,314.5,512
715.5,387.5,513
715.5,386.5,513
716.5,386.5,513
716.5,385.5,513
716.5,385.5,514
717.5,385.5,514
718.5,385.5,514
718.5,384.5,514
719.5,384.5,514
719.5,384.5,515
720.5,384.5,515
720.5,383.5,515
721.5,383.5,515
722.5,383.5,515
721.5,314.5,516
721.5,313.5,516
722.5,313.5,516
722.5,312.5,516
723.5,312.5,516
724.5,312.5,516
724.5,311.5,516
725.5,311.5,516
725.5,310.5,516
726.5,310.5,516
726.5,309.5,516
727.5,309.5,516
727.5,308.5,516
728.5,308.5,516
728.5,307.5,516
722.5,383.5,517
722.5,382.5,517
723.5,382.5,517
723.5,381.5,517
724.5,381.5,517
724.5,381.5,518
725.5,381.5,518
726.5,381.5,518
726.5,380.5,518
727.5,380.5,518
727.5,380.5,519
728.5,380.5,519
728.5,379.5,519
729.5,379.5,519
729.5,378.5,519
730.5,378.5,519
731.5,378.5,519
731.5,377.5,519
732.5,377.5,519
733.5,377.5,519
733.5,376.5,519
734.5,376.5,519
728.5,307.5,520
729.5,307.5,520
730.5,307.5,520
731.5,307.5,520
731.5,306.5,520
732.5,306.5,520
732.5,306.5,521
732.5,305.5,521
732.5,304.5,521
733.5,304.5,521
733.5,304.5,522
733.5,303.5,522
734.5,303.5,522
734.5,302.5,522
735.5,302.5,522
736.5,302.5,522
736.5,301.5,522
737.5,301.5,522
737.5,300.5,522
738.5,300.5,522
738.5,299.5,522
739.5,299.5,522
734.5,376.5,523
735.5,376.5,523
735.5,375.5,523
736.5,375.5,523
737.5,375.5,523
737.5,374.5,523
738.5,374.5,523
738.5,374.5,524
739.5,374.5,524
739.5,373.5,524
739.5,299.5,525
739.5,298.5,525
740.5,298.5,525
740.5,297.5,525
739.5,373.5,526
740.5,373.5,526
741.5,373.5,526
740.5,297.5,527
741.5,297.5,527
741.5,297.5,528
741.5,296.5,528
742.5,296.5,528
742.5,295.5,528
743.5,295.5,528
743.5,294.5,528
744.5,294.5,528
744.5,293.5,528
745.5,293.5,528
746.5,293.5,528
746.5,292.5,528
746.5,291.5,528
747.5,291.5,528
747.5,290.5,528
741.5,373.5,529
741.5,372.5,529
742.5,372.5,529
742.5,371.5,529
743.5,371.5,529
743.5,371.5,530
744.5,371.5,530
744.5,370.5,530
745.5,370.5,530
745.5,369.5,530
746.5,369.5,530
747.5,369.5,530
747.5,368.5,530
748.5,368.5,530
749.5,368.5,530
749.5,367.5,530
750.5,367.5,530
750.5,366.5,530
751.5,366.5,530
747.5,290.5,531
748.5,290.5,531
749.5,290.5,531
749.5,289.5,531
750.5,289.5,531
750.5,288.5,531
751.5,288.5,531
751.5,288.5,532
751.5,287.5,532
752.5,287.5,532
752.5,286.5,532
753.5,286.5,532
753.5,285.5,532
754.5,285.5,532
754.5,284.5,532
755.5,284.5,532
755.5,283.5,532
756.5,283.5,532
756.5,282.5,532
756.5,281.5,532
751.5,366.5,533
752.5,366.5,533
753.5,366.5,533
753.5,365.5,533
754.5,365.5,533
754.5,364.5,533
755.5,364.5,533
756.5,364.5,533
756.5,363.5,533
757.5,363.5,533
757.5,362.5,533
758.5,362.5,533
759.5,362.5,533
759.5,361.5,533
756.5,281.5,534
757.5,281.5,534
757.5,280.5,534
758.5,280.5,534
758.5,279.5,534
759.5,279.5,534
759.5,278.5,534
760.5,278.5,534
760.5,277.5,534
761.5,277.5,534
759.5,361.5,535
760.5,361.5,535
760.5,360.5,535
761.5,360.5,535
762.5,360.5,535
762.5,359.5,535
763.5,359.5,535
764.5,359.5,535
765.5,359.5,535
765.5,358.5,535
766.5,358.5,535
766.5,359.5,535
767.5,359.5,535
768.5,359.5,535
761.5,277.5,536
761.5,276.5,536
761.5,275.5,536
762.5,275.5,536
762.5,274.5,536
763.5,274.5,536
763.5,273.5,536
764.5,273.5,536
764.5,272.5,536
764.5,271.5,536
765.5,271.5,536
765.5,270.5,536
766.5,270.5,536
766.5,269.5,536
767.5,269.5,536
768.5,269.5,536
